Small Unit Installation Postcode,Jan 2001 - Installations Quantity,Apr 2001 - Installations Quantity,May 2001 - Installations Quantity,Jun 2001 - Installations Quantity,Jul 2001 - Installations Quantity,Aug 2001 - Installations Quantity,Sep 2001 - Installations Quantity,Oct 2001 - Installations Quantity,Nov 2001 - Installations Quantity,Dec 2001 - Installations Quantity,Installations Quantity Total
0000,0,19,36,28,33,76,47,31,11,20,301
0200,0,0,0,0,0,0,0,0,0,0,0
0800,0,2,4,3,1,0,0,7,1,0,18
0801,0,0,0,0,0,0,0,2,1,0,3
0804,0,0,0,0,0,0,0,0,0,0,0
0810,0,0,0,0,0,1,3,0,4,3,11
0811,0,0,0,0,0,0,0,0,1,0,1
0812,0,0,1,0,1,0,0,0,2,4,8
0813,0,0,0,0,0,0,0,0,0,0,0
0814,0,0,0,0,0,0,0,0,0,0,0
0820,0,0,0,1,0,2,1,1,0,4,9
0821,0,0,0,0,0,0,0,0,0,0,0
0822,0,0,0,0,0,1,1,0,0,1,3
0825,0,0,0,0,0,0,0,0,0,0,0
0826,0,0,0,0,0,0,0,0,0,0,0
0827,0,0,0,0,0,0,0,0,0,0,0
0828,0,0,0,0,0,0,0,0,0,0,0
0829,0,0,0,0,0,0,0,0,0,0,0
0830,0,0,7,7,1,1,2,0,4,1,23
0831,0,0,0,0,0,0,2,0,0,1,3
0832,0,0,0,0,0,1,0,3,3,3,10
0834,0,0,0,0,0,0,0,0,0,0,0
0835,0,1,0,0,0,1,2,1,1,2,8
0836,0,1,0,2,1,1,1,0,1,1,8
0837,0,0,0,1,0,0,1,0,0,1,3
0838,0,0,0,0,0,0,0,0,0,0,0
0839,0,0,0,0,0,0,0,0,0,0,0
0840,0,0,0,0,0,0,0,0,0,0,0
0841,0,0,0,0,0,0,0,0,0,0,0
0845,0,0,0,0,0,0,0,0,0,0,0
0846,0,0,0,0,0,0,0,0,0,0,0
0847,0,0,0,0,0,0,0,0,0,0,0
0850,0,0,0,0,2,0,0,1,1,0,4
0851,0,0,0,0,0,0,0,0,0,1,1
0852,0,0,0,0,0,0,0,0,0,0,0
0853,0,0,0,0,0,0,0,0,0,0,0
0854,0,0,0,0,0,0,0,0,0,0,0
0860,0,0,0,0,0,0,9,0,0,0,9
0861,0,0,0,0,0,0,0,0,0,0,0
0862,0,0,0,0,0,0,0,0,0,2,2
0870,0,4,0,0,4,1,11,12,12,18,62
0871,0,0,0,0,1,1,0,0,1,0,3
0872,0,0,0,0,0,2,59,1,14,17,93
0880,0,0,0,0,0,0,0,0,0,0,0
0881,0,0,0,0,0,0,0,0,0,0,0
0885,0,0,0,0,0,0,0,0,0,0,0
0886,0,0,0,0,0,0,0,0,0,0,0
0909,0,0,0,0,0,0,0,0,0,0,0
1095,0,0,0,0,0,0,0,0,0,0,0
1174,0,0,0,0,0,0,0,0,0,0,0
1455,0,0,0,0,0,0,0,0,0,0,0
1460,0,0,0,0,0,0,0,0,0,0,0
1475,0,0,0,0,0,0,0,0,0,0,0
1480,0,0,0,0,0,0,0,0,0,0,0
1490,0,0,0,0,0,0,0,0,0,0,0
1495,0,0,0,0,0,0,0,0,0,0,0
1499,0,0,0,0,0,0,0,0,0,0,0
1582,0,0,0,0,0,0,0,0,0,0,0
1590,0,0,0,0,0,0,0,0,0,0,0
1595,0,0,0,0,0,0,0,0,0,0,0
1630,0,0,0,0,0,0,0,0,0,0,0
1639,0,0,0,0,0,0,0,0,0,0,0
1655,0,0,0,0,0,0,0,0,0,0,0
1658,0,0,0,0,0,0,0,0,0,0,0
1675,0,0,0,0,0,0,0,0,0,0,0
1680,0,0,0,0,0,0,0,0,0,0,0
1685,0,0,0,0,0,0,0,0,0,0,0
1700,0,0,0,0,0,0,0,0,0,0,0
1710,0,0,0,0,0,0,0,0,0,0,0
1715,0,0,0,0,0,0,0,0,0,0,0
1730,0,0,0,0,0,0,0,0,0,0,0
1750,0,0,0,0,0,0,0,0,0,0,0
1755,0,0,0,0,0,0,0,0,0,0,0
1765,0,0,0,0,0,0,0,0,0,0,0
1790,0,0,0,0,0,0,0,0,0,0,0
1805,0,0,0,0,0,0,0,0,0,0,0
1811,0,0,0,0,0,0,0,0,0,0,0
1816,0,0,0,0,0,0,0,0,0,0,0
1825,0,0,0,0,0,0,0,0,0,0,0
1830,0,0,0,0,0,0,0,0,0,0,0
1848,0,0,0,0,0,0,0,0,0,0,0
1851,0,0,0,0,0,0,0,0,0,0,0
1871,0,0,0,0,0,0,0,0,0,0,0
1875,0,0,0,0,0,0,0,0,0,0,0
1885,0,0,0,0,0,0,0,0,0,0,0
1890,0,0,0,0,0,0,0,0,0,0,0
1891,0,0,0,0,0,0,0,0,0,0,0
2000,0,0,0,0,0,0,0,0,0,0,0
2002,0,0,0,0,0,0,0,0,0,1,1
2007,0,0,0,0,0,0,0,0,0,0,0
2008,0,0,0,0,2,1,0,0,0,0,3
2009,0,0,0,0,0,0,0,0,0,0,0
2010,0,0,0,1,0,1,0,0,0,0,2
2011,0,0,0,0,0,0,0,0,0,0,0
2015,0,0,0,0,0,0,0,1,0,0,1
2016,0,0,0,0,0,0,0,0,0,0,0
2017,0,0,0,0,0,0,1,1,0,0,2
2018,0,0,0,0,0,0,0,0,0,0,0
2019,0,0,0,0,0,0,0,0,0,0,0
2020,0,0,0,2,0,0,0,0,0,0,2
2021,0,0,0,0,0,0,0,0,0,0,0
2022,0,1,1,0,0,0,1,0,0,0,3
2023,0,0,0,1,0,0,0,0,0,0,1
2024,0,0,0,0,0,1,1,0,0,0,2
2025,0,0,0,0,0,0,0,0,0,0,0
2026,0,0,0,0,1,1,0,0,0,1,3
2027,0,0,0,0,0,1,0,0,0,0,1
2028,0,0,0,0,0,0,0,0,0,0,0
2029,0,0,0,0,0,0,0,1,0,0,1
2030,0,0,0,0,1,0,0,1,0,0,2
2031,0,1,0,0,0,0,1,0,3,1,6
2032,0,0,0,0,0,0,0,0,1,0,1
2033,0,0,0,0,0,0,1,0,0,0,1
2034,0,0,0,0,0,0,0,0,1,0,1
2035,0,1,1,0,0,2,0,0,1,0,5
2036,0,2,1,3,0,0,0,1,2,0,9
2037,0,0,0,1,5,1,0,0,5,1,13
2038,0,0,0,2,2,1,0,0,3,0,8
2039,0,0,0,0,0,1,3,0,0,0,4
2040,0,0,0,6,0,2,1,4,3,3,19
2041,0,0,0,0,3,1,1,1,1,1,8
2042,0,0,0,0,0,0,0,0,1,0,1
2043,0,0,0,1,0,0,0,0,0,0,1
2044,0,0,0,0,0,0,0,0,0,0,0
2045,0,0,0,1,0,0,0,0,0,0,1
2046,0,0,0,0,1,0,0,0,2,0,3
2047,0,0,1,0,0,0,0,0,0,0,1
2048,0,0,1,1,1,0,0,0,0,0,3
2049,0,0,0,0,2,0,0,0,3,0,5
2050,0,0,0,0,0,0,0,0,1,0,1
2055,0,0,0,1,0,0,0,0,0,0,1
2057,0,0,0,0,0,0,0,0,0,0,0
2058,0,0,0,0,0,0,0,0,0,0,0
2060,0,0,0,1,0,0,0,0,1,1,3
2061,0,0,0,0,0,0,0,0,0,0,0
2062,0,0,0,0,0,0,0,0,0,0,0
2063,0,0,0,0,0,0,0,0,1,0,1
2064,0,0,0,0,0,0,0,0,1,1,2
2065,0,0,1,0,0,0,2,0,0,0,3
2066,0,0,0,0,1,2,1,0,1,2,7
2067,0,0,0,0,0,0,1,0,0,0,1
2068,0,0,1,0,1,0,0,1,0,1,4
2069,0,0,0,0,0,0,1,1,0,0,2
2070,0,0,0,0,0,0,1,0,1,0,2
2071,0,0,0,0,1,0,0,0,0,1,2
2072,0,0,0,1,0,1,0,0,0,1,3
2073,0,0,0,1,0,0,0,2,0,2,5
2074,0,0,4,3,0,1,2,0,2,3,15
2075,0,0,1,1,0,0,0,0,0,0,2
2076,0,1,0,0,0,0,0,1,0,2,4
2077,0,0,1,1,3,0,1,1,1,1,9
2079,0,0,0,0,2,3,1,0,1,0,7
2080,0,0,0,0,0,0,0,1,1,0,2
2081,0,1,1,0,0,0,1,0,1,0,4
2082,0,0,0,0,0,1,0,1,1,0,3
2083,0,0,0,0,1,0,1,1,0,0,3
2084,0,0,0,0,0,0,0,0,0,0,0
2085,0,1,1,0,0,0,1,2,0,0,5
2086,0,1,0,1,0,0,0,1,1,1,5
2087,0,0,0,0,0,1,0,1,1,0,3
2088,0,0,1,0,0,0,1,0,0,2,4
2089,0,0,0,0,0,0,0,1,0,0,1
2090,0,0,0,0,0,0,0,0,0,0,0
2091,0,0,0,0,0,0,0,0,0,0,0
2092,0,0,0,0,0,0,0,0,0,0,0
2093,0,1,0,0,0,0,0,2,0,1,4
2094,0,0,1,0,0,0,0,0,0,0,1
2095,0,0,0,1,0,0,0,0,0,0,1
2096,0,0,0,1,0,1,1,0,1,0,4
2097,0,0,0,0,0,0,0,1,1,0,2
2098,0,0,0,0,0,0,0,0,0,0,0
2099,0,1,2,1,0,0,0,1,2,0,7
2100,0,0,0,1,1,0,1,4,5,0,12
2101,0,1,1,1,0,1,0,0,0,0,4
2102,0,0,0,0,0,0,0,1,0,0,1
2103,0,0,0,0,0,0,1,0,1,0,2
2104,0,0,0,1,0,1,0,0,0,0,2
2105,0,0,0,0,0,0,0,0,1,0,1
2106,0,0,0,0,0,2,0,0,1,1,4
2107,0,0,0,0,0,0,0,1,1,0,2
2108,0,0,0,0,0,0,0,0,0,0,0
2110,0,0,0,0,0,0,0,2,0,1,3
2111,0,0,0,1,0,0,0,0,0,1,2
2112,0,0,1,0,0,2,1,2,0,0,6
2113,0,0,0,1,0,1,0,1,1,2,6
2114,0,0,0,0,0,0,1,2,0,0,3
2115,0,0,0,0,0,0,1,1,0,0,2
2116,0,0,0,1,0,0,1,0,0,0,2
2117,0,0,1,0,0,0,0,0,1,0,2
2118,0,1,0,2,1,0,0,1,0,0,5
2119,0,0,1,1,0,1,0,0,1,0,4
2120,0,1,0,0,0,0,0,0,1,1,3
2121,0,0,0,0,0,0,0,1,1,0,2
2122,0,0,1,1,0,0,0,0,1,1,4
2123,0,0,0,0,0,0,0,0,0,0,0
2124,0,0,0,0,0,0,0,0,0,0,0
2125,0,0,0,1,0,0,0,0,2,0,3
2126,0,0,0,0,1,0,0,0,0,1,2
2127,0,0,0,0,0,0,0,0,0,0,0
2128,0,0,0,0,0,0,0,0,0,0,0
2130,0,0,0,0,0,0,0,0,0,0,0
2131,0,0,0,0,1,0,1,1,0,0,3
2132,0,0,0,0,0,0,0,0,0,0,0
2133,0,0,0,0,0,0,0,0,0,0,0
2134,0,0,0,0,0,0,0,0,0,0,0
2135,0,0,0,0,0,0,0,1,0,0,1
2136,0,0,0,0,0,0,0,0,0,0,0
2137,0,0,0,0,0,0,0,1,1,0,2
2138,0,1,0,0,0,1,0,1,1,2,6
2139,0,0,0,0,0,0,0,0,0,0,0
2140,0,0,0,0,0,0,0,0,0,0,0
2141,0,0,0,0,0,0,1,1,0,0,2
2142,0,0,0,0,0,0,0,0,0,0,0
2143,0,0,1,0,0,0,0,0,0,0,1
2144,0,0,0,0,0,0,0,0,0,0,0
2145,0,0,2,2,0,1,0,0,1,1,7
2146,0,0,0,0,2,0,0,1,0,0,3
2147,0,0,0,1,1,2,0,4,1,0,9
2148,0,0,0,0,0,3,1,0,1,0,5
2150,0,0,0,0,0,0,0,1,0,0,1
2151,0,0,0,0,0,0,0,2,0,0,2
2152,0,0,0,0,0,0,0,0,1,0,1
2153,0,0,1,1,1,1,0,1,0,1,6
2154,0,0,1,0,1,1,3,2,1,1,10
2155,0,0,0,0,0,0,0,0,0,0,0
2156,0,0,0,2,1,1,0,1,0,0,5
2157,0,0,1,1,0,1,0,0,0,0,3
2158,0,0,0,0,0,0,0,0,0,0,0
2159,0,0,2,0,0,0,0,0,1,0,3
2160,0,1,0,0,0,0,1,1,0,0,3
2161,0,0,1,0,0,0,0,1,0,1,3
2162,0,0,0,1,0,0,2,0,0,0,3
2163,0,0,0,0,1,2,0,0,0,0,3
2164,0,0,0,1,0,2,0,2,0,0,5
2165,0,1,0,0,0,3,0,1,0,0,5
2166,0,0,0,1,3,0,0,1,1,0,6
2167,0,0,1,1,0,1,0,0,0,0,3
2168,0,0,0,0,0,1,1,0,1,0,3
2170,0,0,1,1,3,0,0,1,1,3,10
2171,0,0,0,0,2,0,0,1,1,2,6
2172,0,0,0,0,0,0,0,0,0,0,0
2173,0,0,0,0,0,1,0,0,0,0,1
2174,0,0,0,0,0,0,0,0,0,0,0
2175,0,0,0,0,0,0,0,0,0,0,0
2176,0,1,2,0,0,0,0,0,1,2,6
2177,0,0,0,0,0,0,0,0,0,0,0
2178,0,0,0,0,0,0,0,0,0,0,0
2179,0,0,0,0,0,0,0,0,0,0,0
2185,0,0,0,0,0,0,0,0,0,0,0
2188,0,0,0,0,0,0,0,0,0,0,0
2190,0,0,0,1,1,0,0,0,0,1,3
2191,0,0,0,0,0,1,0,0,0,0,1
2192,0,0,1,1,0,0,0,0,0,0,2
2193,0,0,0,1,0,0,0,0,1,3,5
2194,0,0,0,0,0,0,0,0,0,0,0
2195,0,0,1,0,0,0,0,0,0,0,1
2196,0,0,1,0,0,0,0,1,1,0,3
2197,0,0,0,1,0,1,0,0,0,0,2
2198,0,0,0,2,0,0,0,1,0,0,3
2199,0,0,0,0,0,0,0,1,0,0,1
2200,0,0,0,0,0,1,2,1,1,0,5
2202,0,0,0,0,0,0,0,0,0,0,0
2203,0,0,0,0,0,0,0,0,0,0,0
2204,0,1,0,0,0,0,0,0,0,0,1
2205,0,0,0,1,0,0,0,0,0,0,1
2206,0,0,0,0,1,0,0,1,0,2,4
2207,0,0,0,0,0,2,1,0,1,0,4
2208,0,0,1,0,0,0,0,0,0,1,2
2209,0,0,0,0,0,0,1,0,0,1,2
2210,0,0,0,0,0,1,2,1,2,1,7
2211,0,0,0,0,0,1,0,2,2,0,5
2212,0,0,0,0,0,0,0,2,0,0,2
2213,0,0,0,1,1,2,0,2,0,0,6
2214,0,0,0,0,0,0,1,0,1,0,2
2215,0,0,0,0,0,0,0,0,0,0,0
2216,0,0,0,0,1,1,0,1,0,0,3
2217,0,0,0,0,0,0,0,0,0,0,0
2218,0,0,1,0,0,0,0,0,0,0,1
2219,0,0,1,1,0,1,1,2,0,3,9
2220,0,0,0,1,0,0,1,4,0,0,6
2221,0,1,0,0,0,0,0,0,0,1,2
2222,0,0,0,0,0,0,0,1,0,0,1
2223,0,0,0,1,1,0,1,1,0,0,4
2224,0,0,0,0,0,1,0,1,0,0,2
2225,0,0,0,0,0,2,0,0,0,0,2
2226,0,1,1,1,0,0,0,1,0,0,4
2227,0,0,0,0,0,1,1,1,0,0,3
2228,0,0,0,0,2,2,0,0,0,2,6
2229,0,0,1,0,0,0,0,1,1,0,3
2230,0,0,0,0,0,0,3,1,2,2,8
2231,0,1,0,0,0,1,0,0,0,0,2
2232,0,0,0,0,0,2,2,3,3,1,11
2233,0,2,1,3,3,0,3,8,4,1,25
2234,0,1,1,0,1,2,2,2,3,0,12
2235,0,0,0,0,0,0,0,0,0,0,0
2240,0,0,0,0,0,0,0,0,0,0,0
2249,0,0,0,0,0,0,0,0,0,0,0
2250,0,0,1,2,1,2,1,6,8,5,26
2251,0,0,0,0,0,1,1,1,6,0,9
2253,0,0,0,0,0,0,0,0,0,0,0
2254,0,0,0,0,0,0,0,0,0,1,1
2256,0,0,0,0,0,1,2,1,7,1,12
2257,0,0,1,4,1,0,1,2,7,1,17
2258,0,0,1,0,0,0,0,0,0,0,1
2259,0,0,1,0,3,2,4,1,4,5,20
2260,0,0,0,0,0,1,1,4,2,2,10
2261,0,0,0,1,0,2,1,1,4,1,10
2262,0,1,2,0,1,0,0,2,2,0,8
2263,0,0,0,1,2,1,1,1,4,0,10
2264,0,1,0,3,1,5,4,1,6,1,22
2265,0,0,0,3,3,0,0,0,0,2,8
2266,0,0,0,0,0,0,0,0,0,0,0
2267,0,0,0,1,2,0,1,0,1,0,5
2268,0,0,0,0,0,0,0,0,0,0,0
2278,0,0,0,0,0,0,1,0,0,0,1
2280,0,0,0,4,2,2,3,2,3,1,17
2281,0,0,3,0,0,3,3,2,2,2,15
2282,0,0,1,1,2,1,0,1,1,1,8
2283,0,1,2,5,3,6,1,2,5,3,28
2284,0,2,1,2,0,2,1,1,0,0,9
2285,0,0,0,0,2,3,2,0,1,1,9
2286,0,0,2,2,0,0,0,1,1,0,6
2287,0,1,1,1,5,2,3,2,2,6,23
2289,0,0,0,1,2,1,2,1,1,0,8
2290,0,2,2,2,1,7,2,0,2,2,20
2291,0,0,1,1,0,3,1,1,1,2,10
2292,0,0,0,0,1,0,0,0,0,0,1
2293,0,0,0,0,0,0,0,0,0,0,0
2294,0,0,0,0,0,0,0,1,0,0,1
2295,0,0,1,0,0,1,1,0,1,0,4
2296,0,0,0,0,0,0,0,0,0,0,0
2297,0,0,0,0,0,0,0,0,0,0,0
2298,0,0,0,0,1,0,0,0,0,0,1
2299,0,0,1,0,0,2,0,0,0,2,5
2300,0,1,0,1,0,0,1,0,0,0,3
2301,0,0,0,1,0,0,0,0,1,0,2
2302,0,0,0,0,0,0,0,0,0,0,0
2303,0,0,0,0,0,0,0,0,0,0,0
2304,0,0,0,0,2,1,0,3,0,2,8
2305,0,0,0,0,1,2,1,4,0,0,8
2306,0,0,0,0,0,0,0,0,0,0,0
2307,0,0,0,0,0,0,0,0,0,0,0
2308,0,0,0,0,0,0,0,0,0,0,0
2311,0,0,0,0,0,0,0,0,0,0,0
2312,0,0,0,0,0,1,0,0,0,0,1
2315,0,0,0,0,1,0,0,0,2,3,6
2316,0,1,0,0,0,0,0,0,0,0,1
2317,0,0,0,0,1,0,0,0,2,1,4
2318,0,1,0,2,1,0,0,0,1,0,5
2319,0,1,1,0,0,2,1,0,0,0,5
2320,0,0,0,0,2,0,1,2,1,4,10
2321,0,0,0,0,0,2,0,1,0,0,3
2322,0,0,0,1,1,2,0,1,0,0,5
2323,0,0,0,1,0,0,1,0,1,2,5
2324,0,1,2,0,1,1,1,1,1,1,9
2325,0,0,0,0,0,3,2,4,6,2,17
2326,0,0,1,0,0,1,0,1,0,0,3
2327,0,0,1,0,0,0,1,1,0,1,4
2328,0,0,0,0,0,0,0,1,0,0,1
2329,0,0,0,0,0,0,0,0,0,0,0
2330,0,0,1,1,0,0,0,0,0,0,2
2333,0,1,0,0,0,0,1,0,1,0,3
2334,0,0,0,0,0,0,1,0,0,1,2
2335,0,0,0,1,0,1,1,2,1,0,6
2336,0,0,0,0,0,0,0,0,0,0,0
2337,0,0,0,2,0,0,0,1,0,0,3
2338,0,0,0,0,0,0,0,0,0,0,0
2339,0,0,0,0,0,0,0,0,0,0,0
2340,0,0,0,2,0,0,2,1,1,0,6
2341,0,0,0,0,0,0,0,0,0,0,0
2342,0,0,0,0,0,0,0,0,0,0,0
2343,0,0,0,0,1,1,0,0,0,0,2
2344,0,0,0,0,0,0,0,0,0,0,0
2345,0,0,0,0,0,0,0,0,0,0,0
2346,0,0,0,1,0,0,0,0,0,0,1
2347,0,0,0,0,0,0,0,0,0,0,0
2350,0,0,0,0,0,0,0,0,0,1,1
2352,0,0,0,0,0,0,0,0,0,1,1
2353,0,0,0,0,0,0,0,0,0,0,0
2354,0,0,0,0,0,0,0,0,0,0,0
2355,0,0,0,0,0,0,0,0,0,0,0
2356,0,0,0,0,0,0,0,0,0,0,0
2357,0,0,0,0,0,0,0,1,0,1,2
2358,0,0,0,0,0,0,0,0,0,0,0
2359,0,0,0,0,0,0,0,0,0,0,0
2360,0,0,0,0,0,0,0,0,0,0,0
2361,0,0,0,0,0,0,0,0,0,0,0
2365,0,0,0,0,0,0,0,0,0,0,0
2369,0,0,0,0,0,0,0,0,0,0,0
2370,0,0,0,0,0,0,0,0,0,0,0
2371,0,0,0,0,0,0,0,0,0,0,0
2372,0,0,0,0,0,0,0,0,0,0,0
2379,0,0,0,0,0,0,0,0,0,0,0
2380,0,0,0,0,0,0,0,0,0,0,0
2381,0,0,0,0,0,0,0,0,0,0,0
2382,0,0,0,0,0,0,0,0,0,0,0
2386,0,0,0,0,0,0,0,0,0,0,0
2387,0,0,0,0,0,0,0,0,0,0,0
2388,0,0,0,0,0,0,0,0,0,0,0
2390,0,0,0,0,0,0,0,0,0,0,0
2395,0,0,0,0,0,0,0,0,0,0,0
2396,0,0,0,0,0,0,0,0,0,0,0
2397,0,0,0,0,0,0,0,0,0,0,0
2398,0,0,0,0,0,0,0,0,0,0,0
2399,0,0,0,0,0,0,0,0,0,0,0
2400,0,0,0,0,0,0,0,0,0,0,0
2401,0,0,0,0,0,0,0,0,0,0,0
2402,0,0,0,0,0,0,0,0,0,0,0
2403,0,0,0,0,0,0,0,0,0,0,0
2404,0,0,0,0,0,0,0,0,0,0,0
2405,0,0,0,0,0,0,0,0,0,0,0
2406,0,0,0,0,0,0,0,0,0,0,0
2408,0,0,0,0,0,0,0,0,0,1,1
2409,0,0,0,0,0,0,0,0,0,0,0
2410,0,0,0,0,0,0,0,0,0,0,0
2411,0,0,0,0,0,0,0,0,0,0,0
2415,0,0,0,0,0,0,0,0,0,0,0
2416,0,0,0,0,0,0,0,0,0,0,0
2420,0,0,1,0,1,0,0,1,0,0,3
2421,0,0,0,0,0,0,0,0,0,0,0
2422,0,0,0,0,0,0,0,0,0,2,2
2423,0,0,0,0,0,0,0,0,0,0,0
2424,0,0,0,0,0,0,0,0,0,0,0
2425,0,0,0,0,0,0,0,0,0,0,0
2426,0,0,0,0,0,0,0,1,0,0,1
2427,0,0,2,0,0,0,0,0,0,1,3
2428,0,1,0,1,0,0,2,1,0,1,6
2429,0,1,0,1,1,3,0,1,2,3,12
2430,0,1,5,4,6,5,1,6,3,6,37
2431,0,0,0,0,0,3,0,0,1,0,4
2438,0,0,0,0,0,0,0,0,0,0,0
2439,0,0,0,0,1,1,0,1,1,0,4
2440,0,1,1,0,3,6,1,4,5,3,24
2441,0,1,0,1,1,2,3,0,1,0,9
2442,0,0,0,0,0,0,0,0,0,0,0
2443,0,1,3,1,0,3,1,0,2,1,12
2444,0,2,6,6,4,4,2,3,7,7,41
2445,0,1,1,0,1,0,2,0,0,0,5
2446,0,1,0,0,1,7,2,1,1,3,16
2447,0,0,0,0,0,0,4,0,1,0,5
2448,0,0,0,0,0,1,0,0,2,1,4
2449,0,0,0,0,0,0,0,0,0,0,0
2450,0,0,0,3,3,17,3,4,3,2,35
2451,0,0,0,0,0,0,0,0,0,0,0
2452,0,0,1,0,1,4,0,0,1,1,8
2453,0,0,0,0,0,0,0,0,0,0,0
2454,0,0,0,0,0,1,1,1,1,0,4
2455,0,0,0,1,0,0,0,0,2,2,5
2456,0,0,0,0,1,2,1,3,0,4,11
2458,0,0,0,0,0,0,0,0,0,0,0
2459,0,0,0,0,0,0,0,0,0,0,0
2460,0,1,1,2,3,1,0,2,3,2,15
2461,0,0,0,0,0,0,0,0,0,0,0
2462,0,2,0,0,0,0,0,0,0,0,2
2463,0,0,0,0,1,4,3,0,1,2,11
2464,0,0,2,0,2,2,0,2,2,2,12
2465,0,0,0,0,0,0,0,0,0,0,0
2466,0,0,0,1,1,0,0,0,0,1,3
2467,0,0,0,0,0,0,0,0,0,0,0
2469,0,0,0,0,0,0,1,0,0,0,1
2470,0,0,0,1,2,0,1,1,0,0,5
2471,0,0,0,0,1,0,1,0,0,0,2
2472,0,0,0,0,0,0,0,1,0,0,1
2473,0,0,0,0,0,0,0,0,0,0,0
2474,0,0,0,0,1,0,0,1,1,0,3
2475,0,0,0,0,0,0,0,0,0,0,0
2476,0,0,0,0,0,0,0,0,0,0,0
2477,0,0,0,1,1,1,4,0,1,2,10
2478,0,0,0,4,2,2,1,3,0,3,15
2479,0,0,1,0,0,1,0,0,1,0,3
2480,0,0,2,4,5,6,6,4,5,5,37
2481,0,0,1,0,2,3,2,3,2,2,15
2482,0,1,1,0,0,1,0,0,2,1,6
2483,0,0,2,0,2,1,2,0,1,1,9
2484,0,1,2,0,3,4,2,3,3,2,20
2485,0,1,2,1,4,4,2,2,1,4,21
2486,0,3,1,2,3,5,1,3,2,4,24
2487,0,0,0,1,2,0,1,1,1,0,6
2488,0,0,0,0,0,0,0,0,0,0,0
2489,0,0,0,0,1,0,1,0,0,1,3
2490,0,0,0,0,1,0,0,0,0,0,1
2500,0,0,0,0,0,0,0,3,0,2,5
2502,0,0,0,0,0,0,0,0,1,0,1
2503,0,0,0,0,0,0,0,0,0,0,0
2505,0,0,0,0,0,2,0,1,0,1,4
2506,0,0,0,0,0,0,0,0,0,0,0
2508,0,0,0,0,0,1,0,0,0,0,1
2515,0,0,0,0,0,0,0,2,0,0,2
2516,0,0,0,0,0,0,0,0,0,0,0
2517,0,0,0,0,0,0,0,0,0,0,0
2518,0,0,0,0,1,2,0,0,0,0,3
2519,0,0,0,2,1,0,0,0,0,0,3
2520,0,0,0,0,0,0,0,0,0,0,0
2525,0,0,0,0,0,1,0,0,1,0,2
2526,0,0,0,0,1,0,0,0,1,0,2
2527,0,0,0,0,1,3,0,0,0,0,4
2528,0,0,1,2,0,1,1,1,1,0,7
2529,0,0,0,0,0,0,0,0,1,0,1
2530,0,0,0,0,0,4,1,3,1,0,9
2533,0,0,1,1,1,0,2,0,1,4,10
2534,0,0,0,0,0,0,0,3,0,0,3
2535,0,0,1,0,2,2,0,0,0,2,7
2536,0,0,1,0,1,0,3,0,1,1,7
2537,0,0,1,0,0,0,0,1,0,2,4
2538,0,0,0,0,1,0,1,0,0,0,2
2539,0,0,0,0,1,2,0,2,0,2,7
2540,0,1,1,0,2,2,4,6,5,7,28
2541,0,0,0,1,0,1,2,3,3,1,11
2545,0,0,0,0,0,0,0,0,0,1,1
2546,0,0,0,0,0,0,0,0,0,0,0
2548,0,0,0,0,0,0,0,0,0,2,2
2549,0,0,0,0,0,0,0,1,0,0,1
2550,0,0,0,1,0,0,0,0,0,2,3
2551,0,0,0,0,0,0,1,0,0,0,1
2554,0,0,0,0,0,0,0,0,0,0,0
2555,0,0,0,0,0,0,0,0,0,0,0
2556,0,0,0,0,0,0,0,0,0,0,0
2557,0,0,0,0,0,0,0,0,0,0,0
2558,0,0,1,0,0,0,0,0,2,0,3
2559,0,0,0,0,0,0,0,0,0,0,0
2560,0,3,3,1,1,2,2,3,5,2,22
2563,0,0,0,0,0,0,0,0,0,0,0
2564,0,0,0,0,0,1,0,0,0,0,1
2565,0,1,0,2,0,0,2,0,2,0,7
2566,0,1,0,1,1,4,0,1,0,0,8
2567,0,0,0,0,0,0,0,0,0,1,1
2568,0,0,0,0,0,0,0,0,0,0,0
2569,0,0,0,0,0,0,1,0,0,0,1
2570,0,0,0,1,2,1,0,1,1,2,8
2571,0,0,0,0,1,0,0,0,0,0,1
2572,0,0,0,0,0,0,0,0,0,0,0
2573,0,0,0,0,0,1,1,0,0,0,2
2574,0,0,0,0,0,0,0,0,0,0,0
2575,0,0,0,0,1,0,0,0,0,0,1
2576,0,0,0,0,0,0,0,0,0,0,0
2577,0,0,0,0,1,0,0,2,2,1,6
2578,0,0,0,0,0,0,0,0,0,0,0
2579,0,0,0,0,0,0,0,1,1,0,2
2580,0,0,0,1,0,0,0,1,2,0,4
2581,0,0,0,0,0,0,0,0,0,0,0
2582,0,0,1,0,0,0,1,1,0,1,4
2583,0,0,0,0,0,0,0,0,0,0,0
2584,0,0,0,0,0,0,0,0,0,0,0
2585,0,0,0,0,0,0,0,0,1,0,1
2586,0,0,0,0,0,0,0,0,0,0,0
2587,0,0,0,0,0,0,1,0,0,0,1
2588,0,0,0,0,0,0,0,0,0,0,0
2590,0,0,0,0,0,0,0,0,0,0,0
2594,0,0,0,1,0,0,0,0,0,0,1
2597,0,0,0,0,0,0,0,0,0,0,0
2600,0,0,0,0,0,0,0,0,0,0,0
2601,0,0,0,0,0,0,0,0,0,0,0
2602,0,0,2,2,0,5,0,2,1,1,13
2603,0,0,0,0,0,0,0,0,0,0,0
2604,0,0,0,0,0,0,0,1,0,0,1
2605,0,0,1,1,1,1,1,1,0,0,6
2606,0,0,0,0,0,0,0,1,0,0,1
2607,0,0,0,1,1,0,0,2,0,0,4
2609,0,0,0,0,0,0,0,0,0,0,0
2611,0,1,0,1,0,1,1,1,2,1,8
2612,0,0,0,0,1,1,0,0,1,0,3
2614,0,0,0,0,1,0,2,2,2,1,8
2615,0,0,1,1,0,2,0,1,3,2,10
2616,0,0,0,0,0,0,0,0,0,0,0
2617,0,1,1,3,0,1,1,0,1,0,8
2618,0,0,0,0,0,1,0,0,0,0,1
2619,0,0,0,0,0,0,0,0,0,0,0
2620,0,1,2,2,2,2,4,2,2,6,23
2621,0,0,0,0,0,1,0,1,2,0,4
2622,0,0,0,0,0,0,1,0,1,1,3
2623,0,0,0,0,0,0,0,0,0,0,0
2625,0,0,0,0,0,0,0,0,0,0,0
2626,0,0,0,0,0,0,0,0,0,0,0
2627,0,0,0,0,0,0,0,0,0,0,0
2628,0,0,0,0,0,0,0,0,0,0,0
2629,0,0,0,0,0,0,0,0,0,0,0
2630,0,0,0,0,0,0,0,0,0,0,0
2631,0,0,0,0,0,0,0,0,0,0,0
2632,0,0,0,0,0,0,0,0,0,0,0
2633,0,0,0,0,0,0,0,0,0,0,0
2640,0,0,0,0,0,0,0,0,0,0,0
2641,0,0,0,0,0,0,0,0,0,0,0
2642,0,0,0,0,0,0,0,0,0,0,0
2643,0,0,0,0,0,0,0,1,0,0,1
2644,0,0,0,0,0,0,0,0,0,0,0
2645,0,0,0,0,0,0,0,0,0,0,0
2646,0,0,0,0,1,0,0,1,0,0,2
2647,0,0,0,0,0,0,0,0,0,0,0
2648,0,0,0,0,0,0,0,0,0,0,0
2650,0,0,0,2,2,4,5,2,0,0,15
2651,0,0,0,0,0,0,0,0,0,0,0
2652,0,0,0,0,0,0,0,2,0,0,2
2653,0,0,0,0,0,0,0,0,0,0,0
2655,0,0,0,0,0,0,0,0,0,0,0
2656,0,0,0,0,0,0,0,0,0,0,0
2658,0,0,0,0,0,0,0,0,0,0,0
2659,0,0,0,0,0,0,0,0,0,0,0
2660,0,0,0,0,0,0,0,0,0,0,0
2661,0,0,0,0,0,0,0,0,0,0,0
2663,0,0,0,0,0,0,0,0,0,0,0
2664,0,0,0,0,0,0,0,0,0,0,0
2665,0,0,0,0,0,0,0,0,0,0,0
2666,0,0,0,0,0,0,0,0,1,0,1
2668,0,0,0,0,0,0,0,0,0,0,0
2669,0,0,0,0,0,0,0,0,0,0,0
2671,0,0,0,0,0,0,0,0,0,0,0
2672,0,0,0,0,0,0,0,0,0,0,0
2675,0,0,0,0,0,0,0,0,0,0,0
2680,0,0,0,0,0,0,0,0,0,0,0
2681,0,0,0,0,0,0,0,0,0,0,0
2700,0,0,0,0,0,0,0,0,0,0,0
2701,0,0,0,0,0,0,0,0,0,0,0
2702,0,0,0,0,0,1,0,0,0,0,1
2703,0,0,0,0,0,0,0,0,0,0,0
2705,0,0,0,0,0,1,0,0,0,0,1
2706,0,0,0,0,0,0,1,0,0,0,1
2707,0,0,0,0,0,0,0,0,0,0,0
2710,0,0,0,0,0,0,0,0,0,0,0
2711,0,0,0,0,0,0,0,0,1,0,1
2712,0,0,0,0,0,0,1,0,0,0,1
2713,0,0,0,0,0,0,0,0,0,0,0
2714,0,0,0,0,0,0,0,0,0,0,0
2715,0,0,0,0,0,0,0,0,0,0,0
2716,0,0,0,0,0,0,0,0,0,1,1
2717,0,0,0,0,0,0,0,0,0,0,0
2720,0,0,0,0,0,0,0,1,0,0,1
2721,0,0,0,0,0,0,0,0,0,0,0
2722,0,0,1,0,0,0,0,0,0,0,1
2725,0,0,0,0,0,0,0,0,0,0,0
2726,0,0,0,0,0,0,0,0,0,0,0
2727,0,0,0,0,0,0,0,0,0,0,0
2729,0,0,0,0,0,0,0,0,0,0,0
2730,0,0,0,0,0,0,0,0,0,0,0
2731,0,0,0,0,0,0,0,0,0,0,0
2732,0,0,0,0,0,0,0,0,0,0,0
2733,0,0,0,0,0,0,0,0,0,0,0
2734,0,0,0,0,0,0,0,0,0,0,0
2735,0,0,0,0,0,0,0,0,0,0,0
2736,0,0,0,0,0,0,0,0,0,0,0
2737,0,0,0,0,0,0,0,0,0,0,0
2738,0,0,0,0,0,0,0,0,0,0,0
2739,0,0,0,0,0,1,0,0,0,0,1
2743,0,0,0,0,0,0,0,0,0,0,0
2745,0,0,1,0,0,1,0,0,2,0,4
2747,0,1,1,0,0,1,1,1,0,1,6
2748,0,0,0,0,0,0,0,0,0,0,0
2749,0,0,1,0,0,1,0,0,0,0,2
2750,0,0,0,4,4,0,0,2,2,1,13
2751,0,0,0,0,0,0,0,0,0,0,0
2752,0,0,0,0,0,0,1,1,0,1,3
2753,0,0,0,2,0,0,1,0,2,0,5
2754,0,0,0,0,0,0,0,0,0,0,0
2756,0,0,0,0,4,2,2,2,1,0,11
2757,0,0,0,0,0,0,0,0,0,0,0
2758,0,0,0,0,1,0,0,1,0,2,4
2759,0,0,1,0,0,1,0,1,0,0,3
2760,0,0,1,2,0,2,0,0,0,0,5
2761,0,0,0,0,0,0,0,1,0,0,1
2762,0,0,0,0,0,0,0,1,0,0,1
2763,0,0,0,0,0,0,0,0,0,0,0
2765,0,0,0,0,0,0,0,1,1,0,2
2766,0,0,0,0,0,0,0,0,0,0,0
2767,0,0,0,1,0,0,0,0,0,0,1
2768,0,0,0,0,0,0,0,0,0,0,0
2769,0,0,0,0,0,0,0,0,0,0,0
2770,0,0,1,0,0,0,0,0,2,1,4
2773,0,0,0,1,0,0,1,0,1,0,3
2774,0,0,0,1,1,0,1,1,1,1,6
2775,0,0,0,0,0,0,0,0,0,0,0
2776,0,0,0,0,1,0,0,2,2,0,5
2777,0,0,0,0,0,1,0,2,1,1,5
2778,0,0,0,0,0,0,0,2,0,0,2
2779,0,1,0,0,0,0,0,2,0,0,3
2780,0,0,0,0,1,0,0,2,0,0,3
2782,0,0,0,1,1,1,0,0,0,1,4
2783,0,0,0,0,0,0,0,0,0,0,0
2784,0,0,0,0,0,0,0,0,0,1,1
2785,0,0,0,0,0,0,0,0,0,0,0
2786,0,0,0,0,0,0,0,0,0,0,0
2787,0,0,0,0,0,0,0,0,0,0,0
2790,0,0,0,0,0,0,0,1,0,0,1
2791,0,0,0,0,0,0,0,0,0,0,0
2792,0,0,0,0,0,0,0,0,0,0,0
2793,0,0,0,0,0,0,0,0,0,0,0
2794,0,0,0,0,0,0,0,0,0,1,1
2795,0,0,0,0,0,1,0,0,0,0,1
2797,0,0,0,0,0,0,0,0,0,0,0
2798,0,0,0,0,0,0,0,0,0,0,0
2799,0,0,0,0,0,0,0,0,1,0,1
2800,0,1,0,0,0,0,1,0,0,1,3
2803,0,0,0,0,0,0,0,0,0,0,0
2804,0,0,0,0,0,0,0,0,0,0,0
2805,0,0,0,0,0,0,0,0,0,0,0
2806,0,0,0,0,0,0,0,0,0,0,0
2807,0,0,0,0,0,0,0,0,0,0,0
2808,0,0,0,0,0,0,0,0,0,0,0
2809,0,0,0,0,0,0,0,0,0,0,0
2810,0,0,0,0,0,0,0,0,0,0,0
2817,0,0,0,0,0,0,0,0,0,0,0
2818,0,0,0,0,0,0,0,0,0,0,0
2820,0,0,0,0,0,0,1,0,1,0,2
2821,0,0,0,0,0,0,0,0,0,1,1
2823,0,0,0,0,0,0,0,0,0,0,0
2824,0,0,0,0,0,0,0,0,0,0,0
2825,0,0,0,1,0,0,0,0,3,0,4
2827,0,0,0,0,1,0,0,0,0,0,1
2828,0,0,0,0,0,0,0,0,0,0,0
2829,0,0,0,0,0,0,0,0,0,1,1
2830,0,3,1,2,3,2,2,4,4,2,23
2831,0,0,0,0,0,1,0,0,0,0,1
2832,0,0,0,0,0,1,0,1,0,0,2
2833,0,0,0,0,0,0,0,0,0,0,0
2834,0,0,0,0,0,0,1,0,0,0,1
2835,0,0,2,0,0,0,0,0,0,0,2
2836,0,0,0,0,0,0,0,0,0,0,0
2839,0,0,0,0,0,0,0,0,0,0,0
2840,0,0,0,0,0,0,0,0,0,0,0
2841,0,0,0,0,0,0,0,0,0,0,0
2842,0,0,0,0,0,1,0,0,0,0,1
2843,0,0,0,0,0,0,0,0,0,0,0
2844,0,0,0,0,0,0,0,1,0,0,1
2845,0,0,0,0,0,0,0,0,0,0,0
2846,0,0,0,0,0,0,0,0,0,0,0
2847,0,0,0,0,0,0,0,0,0,0,0
2848,0,0,0,0,0,0,0,0,0,0,0
2849,0,0,0,0,0,0,0,0,0,0,0
2850,0,0,0,0,0,0,0,0,0,2,2
2852,0,0,1,0,0,0,0,0,0,0,1
2857,0,0,0,0,0,0,0,0,0,0,0
2860,0,0,0,0,0,0,0,0,0,0,0
2864,0,0,0,0,0,0,0,0,0,0,0
2865,0,0,0,0,0,0,0,0,0,0,0
2866,0,0,0,0,0,0,0,0,0,0,0
2867,0,0,0,0,0,0,0,0,0,0,0
2868,0,0,0,0,0,0,0,0,0,0,0
2869,0,0,0,0,0,0,0,1,0,0,1
2870,0,0,0,0,0,0,0,0,1,0,1
2871,0,0,0,0,0,0,0,0,1,0,1
2873,0,0,0,0,0,0,0,0,0,0,0
2874,0,0,0,0,0,0,0,0,0,0,0
2875,0,0,0,1,0,0,0,0,0,0,1
2876,0,0,0,0,0,0,0,0,0,0,0
2877,0,1,0,0,0,0,0,0,0,0,1
2878,0,0,0,0,0,0,0,0,0,0,0
2879,0,0,0,0,0,0,0,0,0,0,0
2880,0,0,0,0,0,0,0,0,0,0,0
2898,0,1,0,0,0,0,0,0,0,0,1
2899,0,0,0,0,0,0,0,0,0,0,0
2900,0,0,0,0,0,0,0,0,0,0,0
2902,0,0,1,0,1,0,1,0,3,0,6
2903,0,0,1,0,0,0,0,0,0,0,1
2904,0,0,0,0,0,1,0,1,0,0,2
2905,0,0,1,0,0,0,0,0,1,1,3
2906,0,0,0,0,0,0,0,1,1,0,2
2910,0,0,0,0,0,0,0,0,0,0,0
2911,0,0,0,0,0,0,0,0,0,0,0
2912,0,0,0,0,0,0,0,0,0,0,0
2913,0,0,0,0,0,0,0,0,0,0,0
2914,0,0,0,0,0,0,0,0,0,0,0
2957,0,0,0,0,0,0,0,0,0,0,0
2982,0,0,0,0,0,0,0,0,0,0,0
3000,0,0,0,0,0,0,0,0,0,0,0
3001,0,0,0,0,0,0,0,0,0,0,0
3002,0,0,0,0,0,0,0,0,0,0,0
3003,0,0,0,0,0,0,0,0,0,0,0
3004,0,0,0,0,0,0,0,0,0,1,1
3006,0,0,1,0,0,0,0,0,0,0,1
3008,0,0,0,0,0,0,0,0,0,0,0
3011,0,0,0,0,0,0,0,0,0,0,0
3012,0,0,0,0,0,0,0,0,0,0,0
3013,0,0,0,0,0,0,0,0,0,0,0
3015,0,0,0,0,0,0,0,1,0,0,1
3016,0,0,0,0,0,0,0,0,0,0,0
3018,0,0,0,0,0,0,1,0,0,0,1
3019,0,0,0,0,0,0,0,0,0,0,0
3020,0,0,0,0,0,0,0,0,0,0,0
3021,0,0,0,0,0,0,0,0,0,0,0
3022,0,0,0,0,0,0,0,0,0,0,0
3023,0,0,0,0,0,0,0,1,0,0,1
3024,0,0,0,0,0,0,0,0,0,0,0
3025,0,0,0,0,0,0,0,0,0,0,0
3026,0,0,0,0,0,0,0,0,0,0,0
3027,0,0,0,0,0,0,0,0,0,0,0
3028,0,0,0,1,0,0,0,0,0,0,1
3029,0,0,0,0,0,0,0,0,0,0,0
3030,0,0,0,0,0,0,0,0,0,0,0
3031,0,0,0,0,0,0,0,0,0,0,0
3032,0,0,0,0,0,0,0,0,0,0,0
3033,0,0,0,0,0,0,0,0,0,0,0
3034,0,0,0,0,0,0,0,0,0,0,0
3036,0,0,0,0,0,0,0,0,0,0,0
3037,0,0,0,0,0,0,0,0,0,0,0
3038,0,0,0,0,0,0,0,0,0,0,0
3039,0,0,0,0,0,0,0,0,0,0,0
3040,0,0,0,0,0,0,0,0,0,0,0
3041,0,0,0,0,0,0,0,0,0,0,0
3042,0,0,0,0,0,0,0,0,0,0,0
3043,0,0,0,0,0,0,0,1,0,0,1
3044,0,0,1,0,0,0,0,0,0,0,1
3045,0,0,0,0,0,0,0,0,0,0,0
3046,0,0,0,0,0,0,0,0,0,0,0
3047,0,0,0,0,0,0,0,0,0,0,0
3048,0,0,0,0,0,0,0,0,0,0,0
3049,0,0,0,0,0,0,0,0,0,0,0
3051,0,0,0,0,0,0,0,0,0,0,0
3052,0,0,0,0,0,0,0,0,0,0,0
3053,0,0,0,0,0,0,0,0,0,0,0
3054,0,0,0,0,0,0,0,0,0,0,0
3055,0,0,0,0,0,0,0,0,0,0,0
3056,0,0,0,0,0,0,0,0,0,0,0
3057,0,0,0,0,0,0,0,0,0,0,0
3058,0,0,0,0,0,0,0,0,0,0,0
3059,0,0,0,0,0,0,0,0,0,0,0
3060,0,0,0,0,0,0,0,0,0,0,0
3061,0,0,0,0,0,0,0,0,0,0,0
3062,0,0,0,0,0,0,0,0,0,0,0
3063,0,0,0,0,0,0,0,0,0,0,0
3064,0,0,0,0,0,0,0,0,1,0,1
3065,0,0,0,0,0,0,0,0,0,0,0
3066,0,0,0,0,0,0,0,0,0,0,0
3067,0,0,0,0,0,0,0,0,0,0,0
3068,0,0,0,0,0,0,0,0,0,0,0
3070,0,0,0,0,0,0,0,1,0,0,1
3071,0,0,0,0,0,0,0,0,0,0,0
3072,0,0,0,0,1,0,0,0,0,0,1
3073,0,0,0,0,0,0,0,1,0,0,1
3074,0,0,0,0,0,0,0,0,0,0,0
3075,0,0,0,0,0,0,0,0,0,0,0
3076,0,0,0,0,0,0,0,0,0,0,0
3078,0,0,0,0,0,0,0,0,0,0,0
3079,0,1,0,0,0,0,0,0,0,0,1
3081,0,0,0,0,0,0,0,0,0,0,0
3082,0,0,0,0,0,0,0,0,0,0,0
3083,0,0,0,0,0,0,0,1,0,0,1
3084,0,0,0,0,0,0,0,0,0,0,0
3085,0,0,0,0,0,0,0,0,0,0,0
3087,0,0,0,0,0,0,0,0,0,0,0
3088,0,0,0,0,0,0,0,0,0,0,0
3089,0,0,0,0,1,0,0,0,0,0,1
3090,0,0,0,0,0,0,0,0,0,0,0
3091,0,0,0,0,0,0,0,1,0,0,1
3093,0,0,0,0,0,0,0,0,0,0,0
3094,0,0,0,0,0,0,0,1,0,0,1
3095,0,0,0,0,0,0,0,0,0,0,0
3096,0,0,0,0,0,0,0,0,0,0,0
3097,0,1,0,1,0,0,2,0,0,0,4
3099,0,0,0,0,0,0,1,0,1,1,3
3101,0,0,0,0,0,0,0,0,0,0,0
3102,0,0,0,0,0,0,0,0,0,0,0
3103,0,0,0,0,0,0,0,0,0,0,0
3104,0,0,0,1,0,1,0,1,0,0,3
3105,0,0,0,0,0,0,0,0,0,0,0
3106,0,0,1,0,0,0,0,0,0,0,1
3107,0,0,0,0,0,0,0,0,0,0,0
3108,0,0,0,0,0,1,0,0,0,0,1
3109,0,0,0,0,0,0,0,0,0,0,0
3111,0,0,0,0,0,0,0,0,0,1,1
3112,0,0,0,0,0,0,0,0,0,0,0
3113,0,1,0,0,0,1,0,0,0,0,2
3114,0,0,0,0,0,0,0,0,0,0,0
3115,0,0,0,0,0,0,0,0,0,0,0
3116,0,0,0,0,0,0,0,0,0,0,0
3117,0,0,0,0,0,0,0,0,0,0,0
3121,0,0,0,0,0,1,0,0,0,0,1
3122,0,0,0,0,0,0,0,1,0,0,1
3123,0,0,0,0,0,0,0,1,0,0,1
3124,0,0,0,0,0,1,0,0,0,0,1
3125,0,0,0,0,0,0,0,0,0,0,0
3126,0,0,1,0,0,0,0,0,1,0,2
3127,0,0,0,0,0,0,0,0,0,0,0
3128,0,1,0,0,0,0,0,0,0,0,1
3129,0,0,1,0,1,0,0,0,0,0,2
3130,0,0,0,0,0,0,0,2,0,1,3
3131,0,0,0,0,0,0,0,0,0,0,0
3132,0,0,0,0,0,0,0,0,0,0,0
3133,0,0,0,0,0,0,0,0,0,0,0
3134,0,0,0,0,0,0,0,0,1,0,1
3135,0,0,0,0,0,1,0,0,0,0,1
3136,0,0,0,0,0,1,0,0,1,0,2
3137,0,0,0,0,0,0,0,0,0,0,0
3138,0,0,0,0,0,0,0,0,0,0,0
3139,0,0,0,1,0,0,1,2,2,1,7
3140,0,0,1,1,0,0,0,0,0,0,2
3141,0,0,0,0,0,0,0,0,0,1,1
3142,0,0,0,0,0,0,0,0,0,0,0
3143,0,0,0,0,0,0,0,0,0,0,0
3144,0,0,0,0,0,0,0,0,0,0,0
3145,0,0,0,0,0,1,0,0,0,0,1
3146,0,0,0,0,0,0,0,0,0,0,0
3147,0,0,0,0,0,0,1,0,0,0,1
3148,0,0,0,0,0,0,0,0,0,0,0
3149,0,0,1,0,0,0,0,1,0,0,2
3150,0,1,0,1,0,0,0,0,1,0,3
3151,0,0,0,0,0,0,0,0,0,0,0
3152,0,0,0,1,0,0,0,0,0,0,1
3153,0,0,0,0,0,0,1,0,0,0,1
3154,0,0,0,0,0,0,0,0,1,0,1
3155,0,0,0,0,0,0,0,1,0,0,1
3156,0,0,0,0,0,0,0,0,2,1,3
3158,0,0,0,0,0,0,0,0,0,0,0
3159,0,0,0,0,0,0,0,0,0,0,0
3160,0,0,0,0,1,0,0,2,6,1,10
3161,0,0,0,0,0,0,0,0,0,0,0
3162,0,0,0,0,0,0,0,0,0,0,0
3163,0,0,0,0,0,0,0,0,0,0,0
3164,0,0,0,0,0,0,0,0,0,0,0
3165,0,0,0,0,0,0,1,0,0,0,1
3166,0,0,0,0,0,0,0,0,0,0,0
3167,0,0,0,0,0,0,0,0,0,0,0
3168,0,0,0,0,0,0,0,0,0,0,0
3169,0,0,0,0,0,0,0,0,0,0,0
3170,0,0,0,0,0,0,0,0,0,0,0
3171,0,0,0,0,0,0,0,0,0,0,0
3172,0,0,0,0,0,0,0,0,0,0,0
3173,0,0,0,0,0,0,0,0,0,0,0
3174,0,0,0,0,0,0,0,0,0,0,0
3175,0,1,0,0,1,0,0,0,0,0,2
3176,0,0,0,0,0,0,0,0,0,0,0
3177,0,0,0,0,0,0,0,0,0,0,0
3178,0,0,0,0,0,0,0,0,0,0,0
3179,0,0,0,0,0,0,0,0,0,1,1
3180,0,0,0,0,0,0,0,0,0,0,0
3181,0,0,0,0,0,0,0,0,0,0,0
3182,0,0,0,0,0,0,0,0,0,0,0
3183,0,0,0,0,0,0,0,0,0,0,0
3184,0,0,0,0,0,0,0,1,0,0,1
3185,0,0,0,0,0,0,0,0,0,0,0
3186,0,0,0,0,0,0,0,0,0,0,0
3187,0,0,0,0,0,0,0,0,0,0,0
3188,0,0,0,0,0,1,0,1,0,0,2
3189,0,0,0,0,0,0,0,0,0,0,0
3190,0,0,0,0,0,0,0,0,0,0,0
3191,0,0,0,0,0,0,0,0,0,0,0
3192,0,0,0,0,0,0,0,1,1,0,2
3193,0,0,1,0,1,0,0,0,0,0,2
3194,0,0,0,0,0,0,0,0,0,0,0
3195,0,0,0,0,0,0,0,1,0,0,1
3196,0,0,0,1,0,0,0,0,0,2,3
3197,0,0,0,0,0,0,0,0,0,0,0
3198,0,0,0,0,0,0,0,0,0,0,0
3199,0,0,0,0,0,0,0,0,0,0,0
3200,0,0,0,0,0,0,0,0,0,0,0
3201,0,0,0,0,0,0,0,0,0,0,0
3202,0,0,0,0,0,0,0,0,0,0,0
3204,0,0,0,0,0,0,0,0,0,0,0
3205,0,0,0,0,0,0,0,0,0,0,0
3206,0,0,0,0,0,0,0,0,0,0,0
3207,0,0,0,0,0,0,0,0,0,0,0
3208,0,0,0,0,0,0,0,0,0,0,0
3211,0,0,0,0,0,0,0,0,0,0,0
3212,0,0,0,0,0,0,0,0,0,1,1
3213,0,0,0,0,0,0,0,0,0,0,0
3214,0,0,0,0,0,1,0,0,0,0,1
3215,0,0,0,0,0,0,0,0,0,0,0
3216,0,0,0,1,1,0,0,0,0,1,3
3217,0,0,0,0,0,0,0,0,0,0,0
3218,0,0,0,0,0,1,0,0,0,0,1
3219,0,0,0,0,0,0,0,0,0,0,0
3220,0,0,0,0,0,0,0,0,0,0,0
3221,0,0,0,0,0,0,0,0,1,2,3
3222,0,0,0,0,0,0,0,1,0,0,1
3223,0,1,0,0,1,0,0,0,0,0,2
3224,0,0,0,0,0,0,0,0,0,0,0
3225,0,0,0,0,0,0,0,0,0,0,0
3226,0,0,0,2,0,0,0,0,0,0,2
3227,0,0,1,0,1,0,0,0,1,0,3
3228,0,0,0,0,0,0,0,1,0,1,2
3230,0,0,0,0,0,1,0,1,1,1,4
3231,0,0,0,0,0,0,0,0,0,0,0
3232,0,0,1,0,0,0,0,0,0,0,1
3233,0,0,0,0,0,0,0,0,0,0,0
3234,0,0,0,0,0,0,0,0,0,0,0
3235,0,0,0,0,0,0,0,0,0,0,0
3236,0,0,0,0,0,0,0,0,0,0,0
3237,0,0,0,0,0,0,0,0,0,0,0
3238,0,0,0,0,0,0,0,0,0,0,0
3239,0,0,0,0,0,0,0,0,0,0,0
3240,0,0,0,0,0,0,0,0,0,0,0
3241,0,0,1,0,1,0,0,0,0,0,2
3242,0,0,0,0,0,0,0,1,0,0,1
3243,0,0,0,0,0,0,0,0,0,0,0
3249,0,0,0,0,0,0,0,0,0,1,1
3250,0,0,0,0,0,0,0,0,0,0,0
3251,0,0,0,0,0,0,0,0,0,0,0
3253,0,0,0,0,0,0,0,0,0,0,0
3254,0,0,0,0,0,0,0,0,0,0,0
3260,0,0,0,0,0,0,0,0,0,0,0
3264,0,0,0,0,0,0,0,0,0,0,0
3265,0,0,0,0,0,0,0,0,0,0,0
3266,0,1,0,0,0,0,0,0,0,0,1
3267,0,0,0,0,0,0,0,0,0,0,0
3268,0,0,0,0,0,0,0,0,0,0,0
3269,0,0,0,0,0,0,0,0,0,0,0
3270,0,0,0,0,0,0,0,0,0,0,0
3271,0,0,0,0,0,0,0,0,0,0,0
3272,0,0,0,0,0,0,0,0,0,0,0
3273,0,0,0,0,0,0,0,0,0,0,0
3274,0,0,0,0,0,0,0,0,0,0,0
3275,0,0,0,0,0,0,0,0,0,0,0
3276,0,0,0,0,0,0,0,0,0,0,0
3277,0,0,0,0,0,0,0,0,0,0,0
3278,0,0,0,0,0,0,0,0,0,0,0
3279,0,0,0,0,0,0,0,0,0,0,0
3280,0,0,0,0,1,0,0,1,0,0,2
3281,0,0,0,0,0,0,0,0,0,0,0
3282,0,0,0,0,0,0,0,0,0,0,0
3283,0,0,0,0,0,0,0,0,0,0,0
3284,0,1,0,0,0,0,1,0,3,0,5
3285,0,0,1,0,0,0,0,0,0,0,1
3286,0,0,0,0,0,0,0,0,0,0,0
3287,0,0,0,0,0,0,0,0,0,0,0
3289,0,0,0,0,0,0,0,0,0,0,0
3292,0,0,0,0,0,0,0,0,0,0,0
3293,0,0,0,0,0,0,0,0,0,0,0
3294,0,0,0,0,0,0,0,0,0,0,0
3300,0,0,0,0,0,0,0,1,0,0,1
3301,0,0,0,0,0,0,0,0,0,0,0
3302,0,0,0,0,0,0,0,0,0,0,0
3303,0,0,0,0,0,0,0,0,0,0,0
3304,0,0,0,0,0,0,0,0,0,0,0
3305,0,0,0,0,0,0,0,0,0,0,0
3306,0,0,0,0,0,0,1,0,0,0,1
3309,0,0,0,0,0,0,0,0,0,0,0
3310,0,0,0,0,0,0,0,0,0,0,0
3311,0,0,0,0,0,0,0,2,0,0,2
3312,0,0,0,0,0,0,0,0,0,0,0
3313,0,0,0,0,0,0,0,0,0,0,0
3314,0,0,0,0,0,0,0,0,0,0,0
3315,0,0,0,0,0,0,0,0,0,0,0
3318,0,0,0,0,0,0,0,0,0,0,0
3319,0,0,0,0,0,0,0,0,0,0,0
3321,0,0,0,0,0,0,0,0,0,0,0
3322,0,0,0,0,0,0,0,0,0,0,0
3323,0,0,0,0,0,0,0,0,0,0,0
3324,0,0,0,0,0,0,0,0,0,0,0
3325,0,0,0,0,0,0,0,0,0,0,0
3328,0,1,0,0,0,0,0,0,0,0,1
3329,0,0,0,0,0,0,0,0,0,0,0
3330,0,0,0,0,0,0,0,0,0,0,0
3331,0,0,0,2,1,0,0,1,0,0,4
3332,0,0,0,0,0,0,0,0,0,0,0
3333,0,0,0,0,0,0,0,0,0,0,0
3334,0,0,0,0,0,0,0,0,0,0,0
3335,0,0,0,0,0,0,0,0,0,0,0
3336,0,0,0,0,0,0,0,0,0,0,0
3337,0,0,0,0,0,0,0,0,0,0,0
3338,0,0,0,0,0,0,0,0,0,0,0
3340,0,0,0,1,0,0,0,1,0,1,3
3341,0,0,0,0,0,0,0,0,0,0,0
3342,0,0,0,1,0,0,0,0,0,0,1
3345,0,0,0,0,0,0,0,0,0,0,0
3350,0,1,0,0,0,0,0,0,0,1,2
3351,0,1,0,0,0,1,0,1,0,0,3
3352,0,2,0,2,0,0,0,0,0,0,4
3353,0,0,0,0,0,0,0,0,0,0,0
3354,0,0,0,0,0,0,0,0,0,0,0
3355,0,0,0,0,0,1,0,0,0,1,2
3356,0,0,0,0,0,0,0,0,0,0,0
3357,0,0,0,0,0,0,0,0,0,0,0
3358,0,0,0,0,0,0,0,0,0,0,0
3360,0,0,0,0,0,0,0,0,0,0,0
3361,0,0,0,0,0,0,0,0,0,0,0
3362,0,0,0,0,0,0,0,0,0,0,0
3363,0,0,0,0,0,0,0,0,0,2,2
3364,0,0,0,0,0,0,0,0,0,0,0
3370,0,0,0,0,0,0,0,0,0,0,0
3371,0,1,0,0,0,0,0,1,0,0,2
3373,0,0,0,0,0,0,0,0,0,0,0
3374,0,0,0,0,0,0,0,0,0,0,0
3375,0,0,0,0,0,0,0,0,0,0,0
3377,0,0,0,0,0,1,0,1,0,1,3
3378,0,0,0,0,0,0,0,0,0,0,0
3379,0,0,0,0,0,0,0,0,1,0,1
3380,0,0,1,0,0,0,0,0,0,2,3
3381,0,0,0,0,0,0,0,0,0,0,0
3384,0,0,0,0,0,0,0,0,0,0,0
3385,0,0,0,0,0,0,0,0,0,0,0
3387,0,0,0,0,0,0,0,0,0,0,0
3388,0,0,0,0,0,0,0,0,0,0,0
3390,0,0,0,0,0,0,0,0,0,0,0
3391,0,0,0,0,0,0,0,0,0,0,0
3392,0,0,0,0,0,0,0,0,0,0,0
3393,0,0,0,0,0,0,0,0,1,0,1
3395,0,0,0,0,0,0,1,0,0,0,1
3396,0,0,0,0,0,0,0,0,0,0,0
3399,0,0,0,0,0,0,0,0,0,0,0
3400,0,0,0,1,0,1,5,0,0,0,7
3401,0,0,1,0,0,0,0,0,0,0,1
3402,0,0,0,0,0,0,0,0,0,0,0
3405,0,0,0,0,0,0,0,0,0,0,0
3407,0,0,0,0,0,0,0,0,0,0,0
3409,0,0,0,0,0,0,0,0,0,0,0
3412,0,0,0,0,0,0,0,0,0,0,0
3413,0,0,0,0,0,0,0,0,0,0,0
3414,0,0,0,0,0,0,1,0,0,0,1
3415,0,0,0,0,0,0,0,0,0,0,0
3418,0,0,0,0,0,1,0,0,0,0,1
3419,0,0,0,0,0,0,0,0,0,0,0
3420,0,0,0,0,0,0,0,0,0,0,0
3423,0,0,0,0,0,0,0,0,0,0,0
3424,0,0,0,1,0,0,0,0,0,0,1
3427,0,0,1,0,0,0,0,0,0,0,1
3428,0,0,0,0,0,0,0,0,0,0,0
3429,0,0,0,0,0,0,1,0,0,0,1
3430,0,0,0,0,0,0,0,0,0,0,0
3431,0,1,0,0,1,2,0,0,0,0,4
3432,0,0,0,0,0,0,0,0,0,0,0
3433,0,0,0,0,0,0,0,0,0,0,0
3434,0,0,1,0,1,0,0,1,0,1,4
3435,0,0,0,0,1,0,0,0,0,0,1
3437,0,0,0,0,1,0,1,0,0,1,3
3438,0,0,0,0,0,0,0,1,0,0,1
3440,0,0,0,0,2,0,0,0,0,1,3
3441,0,1,0,0,0,1,0,0,0,0,2
3442,0,1,1,1,0,0,0,0,0,2,5
3444,0,1,1,1,0,0,0,2,0,1,6
3446,0,0,0,0,0,1,0,0,0,0,1
3447,0,0,0,0,0,0,0,0,0,0,0
3448,0,0,0,0,0,0,0,0,0,0,0
3450,0,0,0,0,1,0,0,0,1,1,3
3451,0,0,0,0,0,0,0,0,1,0,1
3453,0,0,0,0,1,0,0,0,0,2,3
3458,0,0,0,0,0,0,0,0,0,1,1
3460,0,0,0,1,0,0,0,0,0,0,1
3461,0,1,0,0,2,1,0,0,1,1,6
3462,0,0,0,0,0,0,0,0,0,0,0
3463,0,0,2,0,2,0,0,0,1,0,5
3464,0,0,0,0,0,0,0,0,0,0,0
3465,0,0,0,0,0,0,0,0,0,1,1
3467,0,0,0,0,0,0,0,0,0,0,0
3468,0,0,0,0,0,0,0,0,0,0,0
3469,0,0,0,0,0,0,0,0,0,0,0
3472,0,0,0,0,0,0,0,0,0,0,0
3475,0,0,0,0,0,0,0,0,0,0,0
3477,0,0,0,0,0,0,0,0,0,0,0
3478,0,0,0,0,0,0,0,1,0,0,1
3480,0,0,0,0,0,0,0,0,0,0,0
3482,0,0,0,0,0,0,0,0,0,0,0
3483,0,0,0,0,0,0,0,0,0,0,0
3485,0,0,0,0,0,0,0,0,0,0,0
3488,0,0,0,0,0,0,0,0,0,0,0
3490,0,0,0,0,0,0,0,0,0,0,0
3491,0,0,0,0,0,0,0,0,0,0,0
3494,0,0,0,0,0,0,0,1,0,0,1
3496,0,0,0,0,0,0,0,0,0,2,2
3498,0,0,0,0,0,0,0,1,0,0,1
3499,0,0,0,0,0,0,0,0,0,0,0
3500,0,0,0,3,0,0,1,3,0,1,8
3501,0,0,0,0,0,0,0,0,0,0,0
3502,0,0,0,0,0,0,0,0,0,0,0
3505,0,0,0,0,0,0,0,1,0,0,1
3506,0,0,0,0,0,0,0,0,0,0,0
3507,0,0,0,0,0,0,0,0,0,0,0
3509,0,0,0,0,0,0,0,0,0,0,0
3512,0,0,0,0,0,0,0,0,0,0,0
3515,0,0,0,0,0,0,0,0,0,0,0
3516,0,0,0,0,0,0,0,0,0,0,0
3517,0,0,0,0,0,0,0,1,0,0,1
3518,0,0,0,0,0,0,0,0,0,0,0
3520,0,0,0,0,0,0,0,0,0,0,0
3521,0,0,0,0,0,0,0,0,1,0,1
3522,0,0,0,0,0,0,0,0,0,0,0
3523,0,0,0,0,0,0,0,0,0,0,0
3525,0,0,0,0,0,0,0,0,0,0,0
3527,0,0,0,0,0,0,0,0,0,0,0
3529,0,0,0,0,0,0,0,0,0,0,0
3530,0,0,0,0,0,0,0,0,0,0,0
3531,0,0,0,0,0,0,0,0,0,0,0
3533,0,0,0,0,0,0,0,0,0,0,0
3537,0,0,0,0,0,0,0,0,0,0,0
3539,0,0,0,0,0,0,0,0,1,0,1
3540,0,0,0,0,0,0,0,0,0,0,0
3542,0,0,0,0,0,0,0,0,0,0,0
3544,0,0,0,0,0,0,0,0,0,0,0
3546,0,0,0,0,0,0,0,0,0,0,0
3549,0,1,0,1,2,0,0,0,0,0,4
3550,0,0,1,0,0,3,1,6,3,3,17
3551,0,0,0,7,1,0,0,3,3,3,17
3552,0,0,0,0,0,0,0,0,0,0,0
3555,0,1,0,1,1,1,0,2,1,1,8
3556,0,0,1,0,0,0,0,0,0,0,1
3557,0,0,0,0,0,1,0,0,0,0,1
3558,0,0,0,0,0,0,0,0,0,0,0
3559,0,0,0,0,0,0,0,0,0,0,0
3561,0,0,0,0,0,0,0,0,0,0,0
3562,0,0,0,0,0,0,0,1,0,0,1
3563,0,0,0,0,0,0,0,0,0,0,0
3564,0,0,0,1,0,0,0,0,1,0,2
3565,0,0,0,0,0,0,0,0,0,0,0
3566,0,1,0,0,0,0,0,0,0,0,1
3567,0,0,0,0,0,0,0,0,0,1,1
3568,0,0,0,0,0,0,0,0,0,0,0
3570,0,0,0,0,0,0,0,0,0,0,0
3571,0,0,0,0,0,0,0,0,0,0,0
3572,0,0,0,0,0,0,0,0,0,0,0
3573,0,0,0,0,0,0,0,0,0,0,0
3575,0,0,0,0,0,0,0,0,0,0,0
3576,0,0,0,0,0,0,0,0,0,0,0
3579,0,0,0,0,0,0,0,0,0,0,0
3580,0,0,0,0,0,0,0,0,0,0,0
3581,0,0,0,0,0,0,0,0,0,0,0
3583,0,0,0,0,0,0,0,0,0,0,0
3584,0,0,0,0,0,0,0,0,0,0,0
3585,0,0,0,0,0,4,1,0,0,0,5
3586,0,0,0,0,0,0,0,0,0,0,0
3588,0,0,0,0,0,0,0,0,0,0,0
3589,0,0,0,0,0,0,0,0,0,0,0
3590,0,0,0,0,0,0,0,0,0,0,0
3591,0,0,0,0,0,0,0,0,0,0,0
3594,0,0,0,0,0,0,0,0,0,0,0
3595,0,0,0,0,0,0,0,0,0,0,0
3596,0,0,0,0,0,0,0,0,0,0,0
3597,0,0,0,0,0,0,0,0,0,0,0
3599,0,0,0,0,0,0,0,0,0,0,0
3607,0,0,0,0,0,0,0,0,0,0,0
3608,0,2,0,0,0,0,0,0,0,0,2
3610,0,0,0,0,0,0,0,0,0,0,0
3612,0,0,1,0,1,0,0,0,0,0,2
3613,0,0,0,0,0,0,0,0,0,0,0
3614,0,0,0,0,0,0,0,0,0,0,0
3616,0,0,0,0,0,0,0,0,0,1,1
3617,0,0,0,0,0,0,0,0,0,0,0
3618,0,0,0,0,0,0,0,0,0,0,0
3619,0,0,0,0,0,0,0,0,0,0,0
3620,0,0,0,0,0,0,0,0,0,0,0
3621,0,0,0,0,0,0,0,0,0,0,0
3622,0,0,0,0,0,0,0,0,0,0,0
3623,0,0,0,0,0,0,0,0,0,0,0
3624,0,0,0,0,0,0,0,0,0,0,0
3629,0,0,0,0,0,0,0,0,1,0,1
3630,0,0,0,1,1,0,0,2,0,0,4
3631,0,0,0,1,0,0,0,2,2,0,5
3632,0,0,0,0,0,0,0,0,0,0,0
3633,0,0,0,1,0,0,0,0,0,1,2
3634,0,0,0,0,1,0,0,0,0,0,1
3635,0,0,0,0,0,0,0,0,0,0,0
3636,0,0,0,0,0,0,0,0,0,0,0
3637,0,0,0,0,0,0,0,0,0,0,0
3638,0,0,1,0,0,0,0,0,0,1,2
3639,0,0,0,0,1,0,0,0,0,0,1
3640,0,0,0,0,1,0,0,0,0,0,1
3641,0,0,0,0,0,1,0,0,0,0,1
3643,0,1,0,0,0,0,0,0,0,0,1
3644,0,0,0,0,0,0,0,0,0,7,7
3646,0,0,0,0,0,0,0,0,0,0,0
3649,0,0,0,0,0,0,0,0,0,0,0
3658,0,1,0,0,1,1,0,0,0,0,3
3659,0,0,0,0,1,0,0,0,0,0,1
3660,0,0,0,0,2,2,0,0,0,0,4
3661,0,0,0,1,0,0,0,0,0,0,1
3663,0,0,0,0,0,0,0,0,0,0,0
3664,0,0,0,0,0,0,0,0,0,0,0
3665,0,0,0,0,0,0,0,0,0,0,0
3666,0,0,0,1,0,1,0,1,0,1,4
3669,0,0,0,0,0,0,0,0,0,0,0
3670,0,0,0,0,0,0,0,0,0,1,1
3671,0,0,0,0,0,0,0,0,0,0,0
3672,0,0,0,0,0,0,1,0,0,0,1
3673,0,0,0,0,0,0,0,0,0,0,0
3675,0,0,1,0,0,0,0,0,0,0,1
3676,0,0,0,1,0,0,0,0,0,0,1
3677,0,0,0,0,0,0,1,0,0,0,1
3678,0,0,0,2,0,0,0,0,0,1,3
3682,0,0,0,0,0,0,0,0,0,0,0
3683,0,0,0,0,0,0,0,0,0,0,0
3685,0,0,0,0,0,0,0,0,0,1,1
3687,0,0,0,0,0,0,0,0,0,0,0
3688,0,0,0,0,0,0,0,0,0,0,0
3689,0,0,0,0,0,0,0,0,0,0,0
3690,0,0,0,0,0,0,0,0,0,0,0
3691,0,0,0,0,1,0,1,0,0,0,2
3694,0,0,0,0,0,0,0,0,0,0,0
3695,0,0,0,0,0,0,0,1,0,0,1
3697,0,0,0,0,0,0,0,0,0,0,0
3698,0,0,0,0,0,0,0,0,0,0,0
3699,0,0,0,0,0,0,0,0,1,0,1
3700,0,0,0,0,0,0,0,0,0,0,0
3701,0,0,0,0,0,0,0,0,0,0,0
3705,0,0,0,0,0,0,0,0,0,0,0
3707,0,0,0,0,0,0,0,0,0,0,0
3708,0,0,0,0,0,0,0,0,0,0,0
3709,0,0,0,0,0,0,0,0,1,0,1
3711,0,0,0,0,1,0,0,0,0,1,2
3712,0,0,0,0,0,0,0,0,0,0,0
3713,0,0,0,0,0,0,0,0,0,0,0
3714,0,0,1,0,0,1,0,0,0,1,3
3715,0,0,0,0,1,0,0,0,0,1,2
3717,0,0,0,0,0,1,0,0,0,0,1
3718,0,0,0,0,0,0,0,0,0,0,0
3719,0,0,0,0,0,0,0,0,0,0,0
3720,0,0,0,0,0,0,0,0,0,0,0
3722,0,0,0,1,0,1,0,0,1,0,3
3723,0,0,0,0,0,0,0,0,0,0,0
3724,0,0,0,0,0,0,0,0,0,0,0
3725,0,0,0,0,0,0,0,0,0,0,0
3726,0,0,0,0,0,0,0,0,0,0,0
3727,0,0,0,0,0,0,0,0,0,0,0
3728,0,0,0,0,0,0,0,0,0,0,0
3730,0,0,0,0,1,0,0,0,0,1,2
3732,0,0,0,0,0,0,0,0,0,0,0
3733,0,0,0,0,0,0,0,0,0,0,0
3735,0,0,0,1,0,1,0,0,0,0,2
3736,0,0,0,0,0,0,0,0,0,0,0
3737,0,1,0,0,0,0,0,0,0,1,2
3738,0,0,0,0,0,0,0,0,0,0,0
3739,0,0,0,0,0,0,0,0,0,0,0
3740,0,0,0,0,0,0,0,0,0,0,0
3741,0,0,0,0,0,0,0,0,0,0,0
3743,0,0,0,0,0,0,0,0,0,0,0
3744,0,0,0,0,0,0,0,0,0,0,0
3746,0,0,0,0,0,0,0,0,0,0,0
3747,0,0,0,0,0,0,0,0,0,0,0
3749,0,0,0,0,1,0,0,0,0,0,1
3750,0,0,0,0,0,0,0,0,0,0,0
3751,0,0,0,0,0,0,0,0,0,0,0
3752,0,0,0,0,0,0,0,0,0,0,0
3753,0,0,0,0,0,0,0,0,0,0,0
3754,0,0,0,0,0,0,0,0,0,0,0
3755,0,1,0,0,0,0,0,0,0,0,1
3756,0,0,0,0,0,0,0,0,0,0,0
3757,0,1,0,0,1,0,0,4,0,0,6
3758,0,0,1,0,0,1,0,0,0,0,2
3759,0,0,0,1,0,1,0,0,0,0,2
3760,0,0,0,0,0,0,0,0,0,0,0
3761,0,0,0,0,0,0,0,0,0,0,0
3762,0,0,0,0,1,0,0,0,0,0,1
3763,0,0,0,1,0,0,0,2,0,0,3
3764,0,1,1,0,1,0,1,2,0,0,6
3765,0,0,0,0,0,0,0,0,0,0,0
3766,0,0,1,0,0,0,0,0,0,0,1
3767,0,0,0,0,0,0,0,0,0,0,0
3770,0,0,0,2,0,0,0,0,0,0,2
3772,0,0,0,0,0,0,0,0,1,0,1
3775,0,2,0,1,2,0,0,0,0,1,6
3777,0,0,0,0,0,0,0,0,1,1,2
3778,0,0,0,0,0,0,0,0,0,0,0
3779,0,0,0,0,0,0,0,0,0,0,0
3781,0,0,0,0,0,0,0,0,0,0,0
3782,0,0,1,1,0,0,0,0,0,0,2
3783,0,0,0,0,0,0,0,0,0,0,0
3786,0,0,0,0,0,0,0,0,0,0,0
3787,0,0,0,0,0,0,0,0,0,0,0
3788,0,0,0,0,0,0,0,0,0,0,0
3789,0,0,0,0,0,0,0,0,0,0,0
3791,0,0,0,0,0,0,0,0,0,0,0
3792,0,0,0,0,0,0,0,0,0,0,0
3793,0,0,0,0,0,0,0,1,0,0,1
3795,0,0,0,0,0,0,0,3,0,0,3
3796,0,0,0,0,0,0,0,0,1,0,1
3797,0,0,0,0,0,0,0,0,0,1,1
3799,0,0,0,0,0,0,0,0,0,1,1
3802,0,0,0,0,0,0,0,0,0,0,0
3803,0,0,0,0,0,0,0,0,0,0,0
3804,0,0,0,0,0,0,0,0,0,0,0
3805,0,0,0,0,0,1,0,0,0,1,2
3806,0,0,0,0,0,0,1,0,0,0,1
3807,0,0,0,0,0,0,0,0,0,0,0
3808,0,0,0,0,1,0,0,0,0,0,1
3809,0,0,0,0,0,0,0,0,0,0,0
3810,0,0,0,0,0,0,0,1,0,1,2
3812,0,0,0,0,0,0,0,0,0,0,0
3813,0,0,0,0,0,0,0,0,0,0,0
3814,0,0,0,0,0,0,0,0,0,1,1
3815,0,0,1,0,0,1,0,0,0,0,2
3816,0,0,0,0,0,0,0,0,0,0,0
3818,0,0,0,1,2,0,0,1,0,0,4
3820,0,0,0,0,2,0,0,1,0,1,4
3821,0,0,0,0,0,0,0,0,0,0,0
3822,0,0,0,0,0,0,0,0,0,0,0
3823,0,0,0,0,1,0,0,0,0,0,1
3824,0,0,0,0,0,0,0,1,1,1,3
3825,0,0,0,1,0,0,0,0,0,0,1
3831,0,0,0,0,0,1,1,1,0,0,3
3832,0,0,0,0,0,0,0,0,0,0,0
3833,0,0,0,0,0,0,0,0,0,0,0
3834,0,0,0,0,0,0,0,0,0,0,0
3835,0,0,0,0,0,0,0,0,0,0,0
3840,0,1,0,0,0,1,0,0,0,0,2
3842,0,0,1,0,0,0,0,0,0,0,1
3844,0,0,0,1,0,0,0,1,0,1,3
3847,0,0,0,0,0,0,0,0,0,0,0
3850,0,0,0,0,0,0,0,0,0,1,1
3851,0,0,0,1,0,0,0,1,1,2,5
3852,0,0,0,0,0,0,0,0,0,0,0
3853,0,0,0,0,0,0,0,0,0,0,0
3854,0,0,1,0,0,0,0,0,0,0,1
3856,0,0,0,0,1,0,0,0,0,0,1
3857,0,0,0,0,0,0,0,0,0,0,0
3858,0,0,0,0,0,0,0,0,0,0,0
3859,0,0,0,0,0,0,0,1,0,0,1
3860,0,0,0,0,1,0,0,0,0,1,2
3862,0,2,0,0,0,1,0,0,0,1,4
3864,0,0,0,0,0,0,0,0,0,0,0
3865,0,0,0,0,0,0,0,0,0,0,0
3869,0,0,0,0,0,0,0,0,0,0,0
3870,0,0,0,0,0,0,0,0,0,0,0
3871,0,0,1,0,0,0,0,0,0,0,1
3873,0,0,0,0,0,0,0,0,0,1,1
3874,0,0,0,0,0,0,0,0,0,0,0
3875,0,1,0,0,0,0,0,1,0,1,3
3878,0,0,0,0,0,0,0,0,0,0,0
3880,0,0,0,0,1,0,0,1,0,5,7
3881,0,0,0,0,0,0,0,0,0,0,0
3882,0,0,0,0,0,0,0,0,0,0,0
3885,0,0,0,0,0,1,0,0,0,0,1
3886,0,0,0,0,0,0,0,0,0,0,0
3887,0,0,0,0,0,0,0,0,0,0,0
3888,0,0,0,0,1,0,0,0,0,0,1
3889,0,0,0,0,0,0,0,0,0,0,0
3890,0,0,0,0,0,0,0,0,0,0,0
3891,0,0,0,0,0,0,0,0,0,0,0
3892,0,0,0,0,0,0,0,0,0,0,0
3895,0,0,0,0,0,0,0,0,0,0,0
3896,0,0,0,0,0,0,0,0,0,0,0
3898,0,0,0,0,0,0,0,0,0,0,0
3900,0,0,0,0,0,0,0,0,0,0,0
3902,0,0,0,0,0,0,0,0,0,0,0
3903,0,0,0,0,0,0,0,0,0,0,0
3904,0,0,0,1,0,0,0,0,0,1,2
3907,0,0,0,0,0,0,0,0,0,0,0
3909,0,1,0,0,1,2,0,1,0,1,6
3910,0,0,0,0,0,1,0,0,0,0,1
3911,0,0,0,0,0,0,0,0,1,0,1
3912,0,0,0,0,0,0,0,0,0,0,0
3913,0,0,0,0,1,0,0,0,0,0,1
3915,0,0,0,0,0,0,0,0,0,0,0
3916,0,0,0,0,0,0,1,1,0,1,3
3918,0,0,1,0,0,0,0,0,0,0,1
3919,0,0,0,0,0,0,0,0,0,0,0
3921,0,0,0,0,0,0,0,0,0,0,0
3922,0,1,0,0,2,0,0,0,1,2,6
3923,0,0,0,0,0,0,0,0,0,0,0
3925,0,0,0,1,0,0,0,0,0,0,1
3926,0,0,0,0,0,0,0,0,0,2,2
3927,0,1,0,0,0,0,1,0,0,1,3
3928,0,0,0,0,0,0,0,0,0,0,0
3929,0,0,0,0,0,0,0,0,0,0,0
3930,0,0,1,0,0,0,0,1,0,0,2
3931,0,0,0,0,0,0,1,1,0,1,3
3933,0,0,1,0,0,0,0,0,0,0,1
3934,0,0,0,0,0,0,0,0,0,0,0
3936,0,0,0,0,0,0,0,1,0,0,1
3937,0,0,0,1,0,0,0,0,0,1,2
3938,0,0,0,0,0,0,0,0,0,0,0
3939,0,0,0,0,0,0,0,1,0,0,1
3940,0,0,0,0,0,0,0,0,0,0,0
3941,0,0,0,0,0,0,0,0,0,1,1
3942,0,0,0,0,0,0,0,0,0,0,0
3943,0,0,0,0,0,0,0,0,0,0,0
3944,0,0,0,0,0,0,0,0,0,0,0
3945,0,1,0,0,1,0,0,0,0,0,2
3946,0,0,0,0,0,0,0,0,0,0,0
3950,0,0,0,0,0,0,1,1,0,0,2
3951,0,0,0,0,0,0,0,0,0,0,0
3953,0,1,0,2,1,0,0,1,0,2,7
3954,0,0,0,0,0,0,0,0,0,0,0
3956,0,0,0,0,0,0,0,2,0,1,3
3957,0,0,0,0,0,0,0,0,0,0,0
3958,0,0,0,0,0,0,0,0,0,0,0
3959,0,0,1,0,1,0,0,0,0,0,2
3960,0,0,0,0,0,0,0,0,1,0,1
3961,0,0,0,0,0,0,0,0,0,0,0
3962,0,0,0,0,0,0,0,0,0,0,0
3964,0,0,0,0,0,0,0,0,0,0,0
3965,0,0,0,0,0,0,0,0,0,0,0
3966,0,0,0,0,0,0,0,0,0,0,0
3967,0,0,0,0,0,0,0,0,0,0,0
3971,0,0,0,1,0,0,0,0,0,0,1
3975,0,0,0,0,0,0,0,0,0,0,0
3976,0,0,0,0,0,0,0,0,0,0,0
3977,0,0,0,0,0,0,0,0,0,2,2
3978,0,0,0,0,0,0,0,0,0,0,0
3979,0,0,0,0,0,0,0,0,0,0,0
3980,0,1,0,0,0,0,0,1,0,0,2
3981,0,0,0,0,0,0,0,0,0,0,0
3984,0,0,0,0,0,0,0,1,0,0,1
3987,0,0,0,0,0,0,0,0,0,0,0
3988,0,0,0,0,0,0,0,0,0,0,0
3989,0,0,0,0,0,0,0,0,0,0,0
3990,0,0,0,0,0,0,0,0,0,0,0
3991,0,0,0,0,0,0,0,0,0,0,0
3992,0,0,0,0,1,0,0,0,0,0,1
3995,0,1,0,0,0,0,1,0,1,0,3
3996,0,2,0,0,0,0,1,0,0,0,3
4000,0,0,1,0,0,0,0,0,0,0,1
4001,0,0,0,0,0,0,0,0,0,0,0
4003,0,0,0,0,0,0,0,0,0,0,0
4004,0,0,0,0,0,0,0,0,0,0,0
4005,0,0,1,1,1,0,0,0,0,1,4
4006,0,0,0,0,0,0,0,0,0,0,0
4007,0,0,1,0,0,0,0,1,0,0,2
4008,0,0,0,0,0,0,0,0,0,0,0
4009,0,0,0,0,0,0,0,0,0,0,0
4010,0,0,0,0,1,0,0,2,0,0,3
4011,0,2,2,0,0,0,1,1,0,1,7
4012,0,0,0,1,3,3,2,0,1,1,11
4013,0,0,0,0,0,0,0,0,0,0,0
4014,0,0,2,2,1,2,1,0,1,0,9
4017,0,2,5,5,4,7,2,7,2,1,35
4018,0,0,2,1,0,1,0,0,8,1,13
4019,0,2,4,3,3,1,3,2,2,2,22
4020,0,1,7,7,1,3,1,3,2,6,31
4021,0,2,0,3,2,4,1,1,3,1,17
4022,0,0,0,0,0,0,1,0,0,0,1
4025,0,0,0,0,0,0,0,0,0,0,0
4026,0,0,0,0,0,0,0,0,0,0,0
4027,0,0,0,0,0,0,0,0,0,0,0
4029,0,0,0,0,0,0,0,0,0,0,0
4030,0,0,1,1,1,2,0,1,0,0,6
4031,0,0,1,1,1,2,0,0,1,1,7
4032,0,0,1,0,2,3,0,1,0,0,7
4033,0,0,0,0,0,0,0,0,0,0,0
4034,0,4,3,2,5,2,5,14,8,8,51
4035,0,0,2,3,3,3,1,4,1,3,20
4036,0,0,2,2,0,3,2,0,2,1,12
4037,0,2,0,0,3,1,1,0,1,0,8
4039,0,0,0,0,0,0,0,0,0,0,0
4047,0,0,0,0,0,0,0,0,0,0,0
4051,0,0,0,0,4,2,1,1,2,2,12
4052,0,0,0,0,0,0,0,0,0,0,0
4053,0,2,6,2,9,10,4,2,4,2,41
4054,0,0,0,0,2,4,1,4,4,2,17
4055,0,1,6,1,3,4,2,4,2,3,26
4056,0,0,0,0,0,0,0,0,0,0,0
4058,0,0,0,0,0,0,0,0,0,0,0
4059,0,0,0,1,0,0,0,0,0,0,1
4060,0,0,0,2,2,1,0,1,0,3,9
4061,0,1,2,1,2,3,4,3,2,4,22
4062,0,0,0,0,0,0,0,0,0,0,0
4063,0,0,0,0,0,0,0,0,0,0,0
4064,0,0,0,0,1,2,0,0,0,0,3
4065,0,0,0,0,0,2,0,2,0,3,7
4066,0,3,1,0,0,1,1,0,0,0,6
4067,0,1,1,0,0,1,0,0,1,0,4
4068,0,0,0,2,1,1,3,3,1,0,11
4069,0,4,8,3,4,8,9,5,10,6,57
4070,0,2,0,1,2,1,2,4,1,1,14
4071,0,0,0,0,0,0,0,0,0,0,0
4073,0,1,1,0,1,4,0,1,4,0,12
4074,0,1,4,2,3,7,7,1,3,1,29
4075,0,1,1,1,1,2,5,5,2,1,19
4076,0,0,0,0,0,0,0,1,0,0,1
4077,0,1,1,2,7,2,2,0,2,0,17
4078,0,1,0,0,1,1,4,1,0,0,8
4079,0,0,0,0,0,0,0,0,0,0,0
4084,0,0,0,0,0,0,0,0,0,0,0
4101,0,0,0,1,0,1,1,0,1,1,5
4102,0,0,0,0,2,0,0,1,0,0,3
4103,0,0,0,0,0,0,0,2,1,0,3
4104,0,3,0,1,0,0,0,0,0,0,4
4105,0,0,0,2,1,0,3,2,1,3,12
4106,0,1,0,0,0,1,0,0,0,0,2
4107,0,1,1,0,1,2,0,2,1,0,8
4108,0,0,0,1,3,1,0,1,0,0,6
4109,0,6,4,1,4,12,2,11,2,3,45
4110,0,0,3,0,2,0,1,2,1,0,9
4111,0,0,0,0,1,0,1,0,0,0,2
4112,0,0,0,0,0,1,1,0,0,3,5
4113,0,1,4,3,2,5,2,4,3,1,25
4114,0,1,0,4,4,7,3,1,7,2,29
4115,0,2,3,4,1,4,2,0,4,1,21
4116,0,0,1,1,1,1,2,0,3,0,9
4117,0,0,0,0,0,0,0,0,0,0,0
4118,0,2,1,3,4,4,4,1,4,1,24
4119,0,1,0,0,1,0,1,0,0,0,3
4120,0,0,0,1,0,0,0,0,0,3,4
4121,0,2,2,3,3,1,2,2,2,0,17
4122,0,3,5,1,7,5,8,6,4,2,41
4123,0,2,1,3,1,2,5,5,4,2,25
4124,0,3,2,1,1,2,1,1,5,0,16
4125,0,0,1,0,0,3,0,2,2,0,8
4126,0,0,0,0,0,0,0,0,0,0,0
4127,0,3,3,1,4,7,3,2,7,3,33
4128,0,1,2,1,2,4,5,1,2,3,21
4129,0,0,1,2,1,3,0,4,1,2,14
4130,0,0,0,0,1,1,1,1,1,2,7
4131,0,0,0,1,0,0,0,1,2,1,5
4132,0,0,1,1,5,1,2,1,1,2,14
4133,0,0,1,0,2,4,3,1,0,0,11
4150,0,0,0,0,0,0,0,0,0,0,0
4151,0,0,0,0,0,1,0,1,1,0,3
4152,0,2,1,5,2,5,4,1,7,2,29
4153,0,0,1,1,0,0,1,0,0,0,3
4154,0,1,0,2,4,1,1,0,3,1,13
4155,0,0,0,0,1,0,2,0,1,0,4
4156,0,0,0,1,1,0,0,1,0,0,3
4157,0,2,3,4,7,6,7,4,3,5,41
4158,0,0,0,0,0,0,0,1,0,1,2
4159,0,2,2,4,3,6,2,1,1,4,25
4160,0,0,3,2,5,5,4,2,2,4,27
4161,0,1,0,2,5,0,2,1,2,1,14
4162,0,0,0,0,0,0,0,0,0,0,0
4163,0,5,1,2,1,2,3,3,2,2,21
4164,0,0,1,0,2,2,1,0,3,1,10
4165,0,0,2,4,3,9,2,9,3,6,38
4169,0,0,0,0,0,1,1,0,1,0,3
4170,0,1,3,1,0,1,1,3,1,0,11
4171,0,0,0,1,0,1,0,1,1,0,4
4172,0,0,0,0,1,0,0,0,0,0,1
4173,0,0,1,0,2,0,0,0,0,0,3
4174,0,0,0,0,1,0,0,0,0,0,1
4178,0,4,0,1,1,3,5,3,2,2,21
4179,0,0,2,5,3,5,4,0,3,2,24
4182,0,0,0,0,0,0,0,0,0,1,1
4183,0,0,0,0,0,0,1,0,0,0,1
4184,0,0,2,0,3,2,2,6,0,0,15
4190,0,0,0,0,0,0,0,0,0,0,0
4191,0,0,0,0,0,0,0,0,0,0,0
4193,0,0,0,0,0,0,0,0,0,0,0
4202,0,0,0,0,0,0,0,0,0,0,0
4205,0,0,1,2,1,4,0,0,0,0,8
4207,0,1,2,5,13,9,5,5,4,3,47
4208,0,0,0,0,1,1,4,3,0,2,11
4209,0,0,0,1,3,0,1,2,1,1,9
4210,0,1,6,3,8,5,2,1,5,1,32
4211,0,7,3,9,9,22,9,11,17,8,95
4212,0,0,0,2,2,2,1,2,3,0,12
4213,0,2,1,3,5,9,5,7,5,5,42
4214,0,0,5,9,5,8,8,5,1,7,48
4215,0,3,4,3,3,3,2,2,5,0,25
4216,0,3,5,5,6,10,10,1,9,2,51
4217,0,2,3,3,6,7,7,3,4,2,37
4218,0,1,7,3,10,13,4,7,10,5,60
4219,0,0,0,1,0,0,0,0,0,0,1
4220,0,2,6,6,9,10,6,5,5,5,54
4221,0,2,4,0,10,7,7,5,2,7,44
4223,0,2,2,1,5,3,3,2,0,3,21
4224,0,1,4,2,1,4,0,1,0,2,15
4225,0,1,0,1,0,1,0,0,0,0,3
4226,0,0,1,3,1,7,6,7,4,3,32
4227,0,1,0,1,1,1,2,1,2,0,9
4228,0,2,1,1,1,2,3,8,7,4,29
4230,0,0,0,0,0,0,0,0,0,0,0
4237,0,0,0,0,0,0,0,0,0,0,0
4250,0,0,0,0,0,1,0,0,0,0,1
4257,0,0,0,0,0,0,0,0,0,0,0
4270,0,0,1,2,0,0,2,1,0,0,6
4271,0,0,0,0,1,0,0,1,0,0,2
4272,0,1,0,1,1,1,1,3,2,0,10
4273,0,0,0,0,0,0,0,0,0,0,0
4275,0,0,1,0,0,1,1,0,0,2,5
4280,0,0,2,2,2,3,6,6,2,1,24
4281,0,0,0,0,0,0,0,0,0,0,0
4285,0,0,2,2,1,3,1,2,3,0,14
4287,0,0,0,0,0,0,0,0,0,0,0
4300,0,1,2,1,3,7,6,1,4,2,27
4301,0,1,0,4,2,5,2,3,0,2,19
4303,0,0,2,1,0,0,0,0,0,0,3
4304,0,2,1,1,0,1,0,1,0,1,7
4305,0,4,4,3,6,8,8,4,4,3,44
4306,0,3,2,5,2,5,8,3,2,8,38
4307,0,0,0,0,0,0,0,0,0,0,0
4308,0,0,0,0,0,0,0,0,0,0,0
4309,0,0,0,0,1,0,0,0,0,0,1
4310,0,1,0,0,0,1,2,1,1,1,7
4311,0,0,0,1,2,5,0,3,2,0,13
4312,0,0,0,0,0,3,0,0,2,0,5
4313,0,0,0,0,2,1,0,0,0,0,3
4318,0,0,0,0,0,0,0,0,0,0,0
4319,0,0,0,0,0,0,0,0,0,0,0
4321,0,0,0,0,0,0,0,0,0,1,1
4340,0,1,0,0,1,0,0,3,2,0,7
4341,0,0,0,0,1,4,2,3,2,1,13
4342,0,0,0,0,1,0,1,1,1,0,4
4343,0,0,0,0,0,0,0,1,1,0,2
4344,0,0,0,1,0,0,0,0,1,0,2
4345,0,0,0,0,0,0,0,0,0,0,0
4346,0,0,0,0,0,1,0,1,0,0,2
4347,0,0,0,0,1,0,1,0,0,0,2
4350,0,6,4,3,7,5,8,9,7,2,51
4352,0,1,3,0,3,4,1,4,7,0,23
4353,0,0,0,0,0,0,0,0,0,0,0
4354,0,0,0,0,0,0,0,0,0,0,0
4355,0,0,1,0,0,0,0,0,0,0,1
4356,0,0,0,0,0,1,0,0,0,0,1
4357,0,0,0,0,0,2,0,0,0,0,2
4358,0,0,0,1,0,1,0,0,1,0,3
4359,0,0,0,0,0,1,0,1,0,0,2
4360,0,0,0,0,0,0,0,0,0,0,0
4361,0,0,0,0,0,0,0,0,0,0,0
4362,0,0,1,1,0,0,0,0,0,0,2
4363,0,0,0,0,0,0,0,0,1,0,1
4364,0,0,0,0,0,0,0,0,0,0,0
4365,0,0,0,0,0,0,0,0,0,0,0
4369,0,0,0,0,0,0,0,0,0,0,0
4370,0,2,1,3,1,3,2,4,5,1,22
4371,0,0,0,0,0,0,0,1,0,0,1
4372,0,0,0,0,0,0,0,0,0,0,0
4373,0,0,0,0,0,0,0,1,0,1,2
4374,0,0,1,0,0,0,0,0,0,0,1
4375,0,0,0,0,0,0,0,0,0,0,0
4376,0,0,0,0,0,0,0,0,0,0,0
4377,0,0,0,0,0,0,0,0,2,0,2
4378,0,0,0,0,0,0,0,0,0,0,0
4380,0,0,0,0,0,0,1,1,0,2,4
4381,0,0,0,0,0,0,0,0,0,0,0
4382,0,0,0,1,0,0,0,0,0,0,1
4383,0,0,0,0,0,0,0,0,0,0,0
4385,0,0,0,0,0,0,0,0,0,0,0
4387,0,0,2,0,0,0,0,0,0,0,2
4388,0,0,0,1,0,0,0,0,1,0,2
4390,0,0,0,1,2,1,0,0,0,1,5
4400,0,0,0,0,0,1,0,1,0,0,2
4401,0,0,1,0,0,1,1,0,0,0,3
4402,0,0,0,0,0,0,0,0,0,0,0
4403,0,0,0,0,0,0,0,0,0,0,0
4404,0,0,0,0,0,0,0,0,0,0,0
4405,0,0,0,1,0,0,0,1,0,1,3
4406,0,0,0,0,0,0,0,0,0,0,0
4407,0,0,0,0,0,0,0,0,0,0,0
4408,0,0,0,0,0,0,0,0,1,0,1
4410,0,0,1,0,0,0,0,0,0,0,1
4411,0,0,0,1,0,0,0,0,0,0,1
4412,0,0,0,0,0,0,0,0,0,0,0
4413,0,0,0,0,0,0,0,0,0,0,0
4415,0,0,0,0,2,0,0,0,0,0,2
4416,0,0,0,0,0,0,0,0,0,0,0
4417,0,0,0,0,0,0,0,0,0,0,0
4418,0,0,0,0,0,0,0,0,0,0,0
4419,0,0,0,0,0,0,0,0,0,0,0
4420,0,0,0,0,0,1,1,0,0,0,2
4421,0,0,0,0,0,0,0,0,0,0,0
4422,0,0,0,0,0,0,0,0,0,0,0
4423,0,0,0,0,0,0,0,0,0,0,0
4424,0,0,0,0,0,0,0,0,0,0,0
4425,0,0,0,0,0,0,0,0,0,0,0
4426,0,0,0,1,0,0,1,0,0,0,2
4427,0,0,0,0,0,0,0,0,0,0,0
4428,0,0,0,0,0,0,0,0,0,0,0
4454,0,0,0,0,0,0,0,0,0,0,0
4455,0,0,0,1,0,0,0,0,0,2,3
4456,0,0,0,0,0,0,0,0,0,0,0
4462,0,0,0,0,0,0,0,0,0,0,0
4465,0,0,0,0,0,0,0,0,0,0,0
4466,0,0,0,0,0,0,0,0,0,0,0
4467,0,0,0,0,0,0,0,0,0,0,0
4468,0,0,0,0,0,0,0,0,0,0,0
4470,0,0,0,1,2,0,0,0,0,0,3
4472,0,0,0,0,1,0,0,0,0,0,1
4477,0,0,0,0,0,0,0,0,0,0,0
4478,0,0,0,0,0,0,0,0,0,0,0
4479,0,0,0,0,0,0,0,0,0,0,0
4480,0,0,0,0,0,0,0,0,0,0,0
4481,0,0,0,0,0,0,0,0,0,0,0
4482,0,0,0,0,0,0,0,0,0,0,0
4486,0,0,0,0,0,0,0,0,1,0,1
4487,0,0,0,0,0,0,0,0,0,0,0
4488,0,0,0,0,0,0,0,0,0,0,0
4490,0,0,0,0,0,0,0,0,0,0,0
4491,0,0,0,0,0,0,0,0,0,0,0
4492,0,0,0,0,1,0,0,1,0,8,10
4493,0,0,0,0,0,0,0,0,0,0,0
4494,0,0,0,0,0,0,0,0,0,0,0
4496,0,0,0,0,0,0,0,0,1,0,1
4497,0,0,0,0,1,0,1,0,0,0,2
4498,0,0,0,0,0,0,0,0,0,0,0
4500,0,2,3,3,2,5,4,6,6,4,35
4501,0,1,0,0,2,0,1,0,1,0,5
4502,0,1,3,0,3,3,0,1,0,0,11
4503,0,2,1,2,2,4,6,2,2,3,24
4504,0,0,2,1,4,5,2,3,2,3,22
4505,0,3,1,3,2,1,1,0,3,4,18
4506,0,1,2,3,1,5,8,2,2,4,28
4507,0,5,1,3,4,3,7,5,3,0,31
4508,0,0,2,5,4,4,1,6,2,2,26
4509,0,0,1,0,0,0,0,1,0,0,2
4510,0,2,5,5,3,5,7,5,3,11,46
4511,0,0,0,0,1,1,1,0,3,1,7
4512,0,0,0,1,0,2,1,4,0,1,9
4513,0,0,0,0,0,0,0,0,0,0,0
4514,0,0,0,1,0,2,0,0,0,0,3
4515,0,1,0,0,0,1,1,0,0,0,3
4516,0,1,1,0,1,2,2,0,1,0,8
4517,0,0,0,0,1,0,0,0,0,0,1
4518,0,0,1,0,2,2,0,1,0,1,7
4519,0,1,0,0,1,1,2,2,0,0,7
4520,0,2,4,1,6,5,5,3,8,4,38
4521,0,0,0,0,2,1,2,1,0,0,6
4537,0,0,0,0,0,0,0,0,0,0,0
4550,0,0,0,0,0,2,2,0,2,0,6
4551,0,1,7,6,10,9,3,4,3,7,50
4552,0,1,0,2,2,6,2,2,2,3,20
4553,0,0,1,0,1,0,0,1,2,2,7
4554,0,0,0,0,1,1,0,1,0,0,3
4555,0,0,2,0,0,1,1,3,3,1,11
4556,0,3,5,8,6,9,2,9,8,11,61
4557,0,1,3,3,4,2,5,8,4,3,33
4558,0,1,0,2,2,3,0,3,3,5,19
4559,0,1,0,2,1,1,1,1,1,2,10
4560,0,2,2,4,5,6,6,9,7,5,46
4561,0,0,2,1,2,3,1,3,2,1,15
4562,0,4,0,2,1,2,2,1,5,1,18
4563,0,1,0,4,1,1,3,1,4,4,19
4564,0,1,1,2,2,1,1,4,2,1,15
4565,0,1,3,2,2,1,6,7,3,0,25
4566,0,0,1,0,0,1,0,1,0,1,4
4567,0,1,1,1,1,1,0,0,7,3,15
4568,0,0,1,1,0,1,2,3,0,1,9
4569,0,0,0,0,0,0,0,0,0,0,0
4570,0,2,5,4,9,4,5,4,6,4,43
4571,0,0,0,0,0,0,1,0,2,0,3
4572,0,0,0,1,0,2,0,0,0,0,3
4573,0,1,2,4,4,3,8,2,6,4,34
4574,0,1,0,0,0,1,0,0,2,0,4
4575,0,0,2,4,5,5,3,3,2,6,30
4580,0,1,0,1,0,0,2,0,1,1,6
4581,0,0,0,0,1,0,0,0,0,0,1
4583,0,0,0,0,0,0,0,0,0,0,0
4585,0,0,0,0,0,0,0,0,0,0,0
4590,0,0,0,0,0,0,0,0,0,0,0
4598,0,0,0,0,0,0,0,0,0,0,0
4599,0,0,0,0,0,0,0,0,0,0,0
4600,0,0,0,0,0,0,0,0,0,0,0
4601,0,0,0,0,0,0,0,0,0,0,0
4605,0,0,0,0,0,0,0,0,1,0,1
4606,0,0,0,0,0,0,0,0,0,0,0
4608,0,0,0,0,0,0,0,0,0,1,1
4610,0,0,0,1,0,0,0,0,1,0,2
4611,0,0,0,0,0,0,0,0,0,0,0
4612,0,0,0,0,0,0,0,0,0,0,0
4613,0,0,0,0,0,0,0,0,0,0,0
4614,0,0,0,0,0,0,0,0,0,0,0
4615,0,0,0,0,0,0,0,0,1,0,1
4620,0,0,0,0,0,0,0,0,0,0,0
4621,0,0,0,0,0,0,0,1,0,0,1
4625,0,0,0,0,1,0,0,0,1,0,2
4626,0,0,0,0,0,0,0,0,0,0,0
4627,0,0,0,0,0,0,0,0,0,0,0
4630,0,0,0,0,0,0,0,0,0,0,0
4634,0,0,0,0,0,0,0,0,0,0,0
4644,0,0,0,0,0,0,0,0,0,0,0
4647,0,0,0,0,0,0,0,1,0,0,1
4650,0,4,3,3,1,2,5,2,3,3,26
4651,0,0,0,0,0,0,0,0,0,0,0
4652,0,0,0,0,0,0,0,0,0,0,0
4653,0,0,0,0,0,0,0,0,0,0,0
4655,0,4,5,4,11,4,3,10,8,8,57
4656,0,0,0,0,0,0,0,0,0,0,0
4659,0,0,0,0,1,0,0,1,1,0,3
4660,0,0,1,1,1,0,0,0,3,0,6
4662,0,0,0,0,0,0,0,0,0,0,0
4665,0,0,0,0,0,0,0,0,0,0,0
4667,0,0,0,0,0,0,0,0,0,0,0
4670,0,0,9,1,3,7,5,2,4,6,37
4671,0,0,0,2,0,1,0,0,1,1,5
4673,0,0,0,0,0,0,1,0,0,0,1
4674,0,0,0,0,0,0,1,0,2,0,3
4676,0,0,0,0,0,0,0,0,0,0,0
4677,0,1,0,1,0,0,0,0,0,0,2
4678,0,0,0,0,0,1,0,0,0,0,1
4680,0,2,5,2,3,6,6,4,8,5,41
4694,0,0,0,0,0,0,0,1,0,0,1
4695,0,0,0,0,0,0,0,0,0,0,0
4697,0,0,1,0,0,0,0,0,0,0,1
4699,0,0,0,0,0,0,0,0,0,0,0
4700,0,0,2,1,0,3,3,5,6,2,22
4701,0,2,8,1,0,0,3,8,6,1,29
4702,0,4,4,2,5,6,2,3,8,2,36
4703,0,0,2,1,5,3,3,5,1,1,21
4704,0,0,0,0,0,0,0,0,0,0,0
4705,0,0,0,1,0,0,1,0,0,0,2
4706,0,0,0,0,0,0,0,0,0,0,0
4707,0,0,0,0,0,0,0,0,0,0,0
4708,0,0,0,0,0,0,0,0,0,0,0
4709,0,0,0,0,0,0,0,0,0,0,0
4710,0,0,1,0,0,0,0,0,1,0,2
4711,0,0,0,0,0,0,0,0,0,0,0
4712,0,0,0,0,0,0,0,0,0,0,0
4713,0,0,0,0,0,0,0,0,0,0,0
4714,0,0,0,0,0,0,1,0,0,0,1
4715,0,0,0,0,0,0,0,0,0,0,0
4716,0,0,0,0,0,0,0,0,0,0,0
4717,0,0,0,0,0,0,2,0,0,0,2
4718,0,1,0,0,0,0,0,0,1,0,2
4719,0,0,0,0,0,0,0,0,0,0,0
4720,0,0,0,0,0,1,0,1,0,0,2
4721,0,0,0,0,0,0,0,0,0,0,0
4722,0,0,0,0,0,0,0,0,0,0,0
4723,0,0,0,0,0,0,0,1,0,0,1
4724,0,0,0,0,0,0,0,0,0,0,0
4725,0,0,0,0,0,0,0,0,0,0,0
4726,0,0,0,0,0,0,0,0,0,0,0
4727,0,0,0,0,0,0,0,0,1,0,1
4728,0,0,0,0,0,0,0,0,0,0,0
4730,0,0,0,0,0,0,0,1,0,1,2
4731,0,0,0,0,0,0,0,0,0,0,0
4732,0,0,0,0,0,0,0,0,0,0,0
4735,0,0,0,0,0,0,0,0,0,0,0
4736,0,0,0,0,0,0,0,0,0,0,0
4737,0,0,0,1,1,0,2,0,0,0,4
4738,0,0,0,0,0,0,0,0,0,0,0
4739,0,0,0,0,1,0,0,0,0,0,1
4740,0,0,2,2,1,2,4,1,0,3,15
4741,0,2,0,0,0,1,2,0,0,0,5
4742,0,0,1,1,0,0,0,0,0,0,2
4743,0,0,0,0,0,0,0,0,0,0,0
4744,0,0,1,0,1,0,1,1,1,0,5
4745,0,0,0,0,0,0,0,0,0,0,0
4746,0,0,0,0,0,0,0,0,0,0,0
4750,0,0,0,0,0,0,0,0,0,0,0
4751,0,0,0,0,0,0,0,0,1,0,1
4753,0,0,0,0,0,0,0,0,0,0,0
4754,0,0,0,0,0,0,0,0,0,0,0
4756,0,0,0,0,0,0,0,0,0,0,0
4757,0,0,0,0,0,0,0,0,0,0,0
4760,0,0,0,0,0,0,0,0,0,0,0
4790,0,0,0,0,0,0,0,0,0,0,0
4798,0,0,0,0,0,0,1,0,0,0,1
4799,0,0,0,0,0,0,0,0,0,0,0
4800,0,0,0,0,1,0,2,0,0,2,5
4802,0,0,0,0,0,1,1,0,0,0,2
4803,0,0,0,0,0,0,0,0,0,0,0
4804,0,0,0,0,0,0,0,0,0,1,1
4805,0,0,0,0,0,0,0,0,3,0,3
4806,0,0,0,0,0,0,0,0,0,0,0
4807,0,0,0,1,0,0,0,0,0,0,1
4808,0,0,0,0,0,0,0,0,0,0,0
4809,0,0,0,0,0,0,0,0,0,0,0
4810,0,0,2,2,2,1,1,1,3,0,12
4811,0,0,0,0,0,1,0,1,2,0,4
4812,0,0,1,0,0,1,0,2,2,1,7
4814,0,0,3,2,0,2,1,2,1,3,14
4815,0,0,0,0,0,0,0,0,2,2,4
4816,0,0,2,0,0,0,0,1,1,0,4
4817,0,0,1,0,1,2,0,2,0,0,6
4818,0,0,0,0,2,0,1,1,1,1,6
4819,0,0,0,2,0,1,1,2,0,0,6
4820,0,0,0,0,0,0,0,1,2,2,5
4821,0,0,0,0,0,0,0,0,0,0,0
4822,0,0,0,0,0,0,0,0,0,0,0
4823,0,0,0,0,0,0,0,0,0,0,0
4824,0,0,0,0,0,0,0,0,0,0,0
4825,0,0,1,10,6,8,1,7,4,3,40
4828,0,0,0,0,0,0,0,0,0,0,0
4829,0,0,0,0,0,0,0,0,0,0,0
4830,0,0,0,0,0,0,0,0,0,0,0
4849,0,0,0,0,0,0,1,0,0,0,1
4850,0,0,0,1,0,0,0,0,0,0,1
4852,0,0,0,0,0,0,1,0,0,0,1
4854,0,0,1,1,0,0,1,0,2,0,5
4855,0,0,0,0,0,0,0,0,0,0,0
4856,0,0,0,0,0,0,0,0,0,0,0
4858,0,0,0,0,0,0,0,0,0,0,0
4859,0,0,0,0,0,0,0,0,0,0,0
4860,0,0,0,0,0,0,2,2,1,0,5
4861,0,0,0,0,1,0,1,0,0,1,3
4865,0,1,1,2,0,0,0,0,2,0,6
4868,0,0,1,0,0,4,2,5,0,2,14
4869,0,1,1,2,2,1,2,1,1,0,11
4870,1,2,4,7,5,10,9,12,3,7,60
4871,0,0,2,1,4,2,5,3,0,1,18
4872,0,2,2,0,3,2,5,3,8,1,26
4873,0,0,1,0,1,2,0,1,1,1,7
4874,0,0,0,0,0,0,0,0,1,0,1
4875,0,0,0,0,0,0,0,1,0,0,1
4876,0,0,0,0,0,0,0,0,0,0,0
4877,0,0,0,0,0,0,0,0,0,0,0
4878,0,1,5,1,0,2,3,4,2,1,19
4879,0,0,1,1,2,1,3,5,1,5,19
4880,0,0,1,4,3,1,2,3,1,1,16
4881,0,0,0,0,0,0,0,0,0,0,0
4882,0,0,1,0,1,0,0,1,2,1,6
4883,0,0,2,2,0,1,2,4,2,2,15
4884,0,0,0,0,0,0,0,0,0,0,0
4885,0,0,0,0,2,0,0,1,1,1,5
4886,0,0,0,0,0,0,0,0,0,0,0
4887,0,0,0,0,0,0,0,0,0,0,0
4888,0,0,0,0,0,0,0,0,0,0,0
4890,0,0,0,0,0,0,0,0,0,0,0
4891,0,0,0,0,0,0,0,0,0,0,0
4892,0,0,0,0,0,0,0,0,0,0,0
4895,0,0,0,0,0,0,0,0,0,0,0
5000,0,0,0,9,1,0,1,1,0,20,32
5001,0,0,0,0,0,0,0,0,0,0,0
5006,0,0,0,0,0,0,0,0,0,1,1
5007,0,0,0,0,0,0,0,0,0,0,0
5008,0,0,1,0,0,0,0,0,0,0,1
5009,0,0,0,0,0,1,0,0,0,0,1
5010,0,0,0,0,0,0,0,0,0,0,0
5011,0,0,1,1,0,0,0,0,1,0,3
5012,0,0,0,0,0,0,0,0,1,0,1
5013,0,0,0,0,0,1,0,0,0,0,1
5014,0,0,0,0,0,0,0,0,1,1,2
5015,0,0,0,0,0,0,0,0,0,0,0
5016,0,0,0,0,1,0,0,0,0,0,1
5017,0,0,0,0,0,0,0,0,2,0,2
5018,0,0,0,0,0,0,0,0,0,0,0
5019,0,0,0,0,0,0,0,1,0,1,2
5020,0,0,0,0,0,0,0,0,0,0,0
5021,0,0,0,0,1,0,0,1,0,0,2
5022,0,1,0,1,0,1,0,0,0,1,4
5023,0,0,0,0,0,1,1,0,0,0,2
5024,0,0,0,1,0,0,1,0,1,0,3
5025,0,0,1,1,0,0,0,0,0,0,2
5030,0,0,0,0,0,0,0,0,0,0,0
5031,0,0,0,1,2,0,0,0,0,0,3
5032,0,2,0,2,0,0,1,1,0,0,6
5033,0,0,0,0,0,0,0,0,0,0,0
5034,0,0,0,1,0,0,0,1,0,1,3
5035,0,0,0,1,0,1,0,0,0,0,2
5036,0,0,0,0,0,0,0,0,0,0,0
5037,0,0,0,0,0,1,0,0,1,0,2
5038,0,0,0,0,0,1,1,1,1,0,4
5039,0,0,0,1,1,1,1,1,0,0,5
5040,0,0,1,0,1,0,0,0,0,0,2
5041,0,0,1,1,1,1,0,1,2,1,8
5042,0,0,0,0,1,0,2,0,0,0,3
5043,0,0,0,0,0,0,0,1,0,0,1
5044,0,0,1,0,0,0,0,0,0,1,2
5045,0,0,1,0,1,0,1,0,2,1,6
5046,0,0,0,0,0,0,0,1,0,0,1
5047,0,0,0,0,0,0,1,0,0,0,1
5048,0,0,1,1,2,2,0,1,2,0,9
5049,0,0,2,0,0,0,0,1,0,1,4
5050,0,0,0,0,1,1,1,0,1,0,4
5051,0,1,0,0,2,1,1,0,1,3,9
5052,0,1,0,0,2,3,0,1,1,0,8
5057,0,0,0,0,0,0,0,0,0,0,0
5058,0,0,0,0,0,0,0,0,0,0,0
5061,0,0,0,0,0,0,0,2,0,1,3
5062,0,0,1,1,2,1,0,3,1,2,11
5063,0,0,0,0,1,0,0,1,1,1,4
5064,0,0,0,2,1,0,0,1,2,1,7
5065,0,0,2,1,0,0,1,1,0,0,5
5066,0,1,0,0,1,0,2,0,1,0,5
5067,0,1,0,1,1,0,0,0,0,1,4
5068,0,0,0,0,0,1,0,0,0,1,2
5069,0,0,0,0,1,1,0,0,0,0,2
5070,0,0,0,0,0,1,0,0,2,0,3
5071,0,0,0,0,0,0,0,0,0,0,0
5072,0,0,1,0,0,2,0,1,1,1,6
5073,0,0,0,0,5,0,0,0,1,0,6
5074,0,1,0,0,2,0,0,0,1,0,4
5075,0,0,0,0,0,0,1,0,0,0,1
5076,0,1,0,0,2,0,0,0,0,0,3
5080,0,0,0,0,0,0,0,0,0,0,0
5081,0,0,0,0,0,0,0,1,1,2,4
5082,0,0,0,0,0,0,0,0,0,1,1
5083,0,0,0,0,0,0,0,0,0,0,0
5084,0,0,0,0,0,0,0,0,1,0,1
5085,0,0,0,0,0,0,0,0,0,0,0
5086,0,0,1,0,0,0,0,0,0,0,1
5087,0,0,0,1,0,1,0,0,0,0,2
5088,0,1,0,0,0,0,0,0,1,0,2
5089,0,0,0,0,0,0,0,0,1,0,1
5090,0,0,0,0,2,0,0,0,0,0,2
5091,0,0,0,0,3,1,0,1,1,2,8
5092,0,0,0,0,0,1,2,2,0,2,7
5093,0,0,1,0,0,0,0,0,0,0,1
5094,0,0,0,0,0,0,0,0,0,0,0
5095,0,0,0,0,0,0,1,0,0,0,1
5096,0,0,1,0,0,0,0,0,1,0,2
5097,0,1,0,0,2,1,0,1,1,0,6
5098,0,0,0,0,0,1,0,0,0,0,1
5100,0,0,0,0,0,0,0,0,0,0,0
5102,0,0,0,0,0,0,0,0,0,0,0
5106,0,0,0,0,0,0,0,0,0,0,0
5107,0,0,0,0,0,0,0,1,0,0,1
5108,0,0,0,0,1,3,0,3,0,2,9
5109,0,1,0,0,0,1,0,0,1,0,3
5110,0,0,0,0,0,0,0,0,1,0,1
5111,0,0,0,0,0,0,0,0,0,0,0
5112,0,1,0,0,1,1,1,1,1,3,9
5113,0,1,0,1,2,3,0,2,1,0,10
5114,0,0,0,0,2,0,1,0,1,2,6
5115,0,0,0,0,0,0,0,1,0,0,1
5116,0,0,0,0,0,0,0,0,0,0,0
5117,0,0,0,0,0,1,0,2,0,0,3
5118,0,0,2,0,2,1,0,3,1,4,13
5119,0,0,0,0,0,0,0,0,0,0,0
5120,0,0,0,0,0,0,0,0,0,0,0
5121,0,1,0,0,0,0,0,0,0,0,1
5122,0,0,0,0,0,0,0,0,0,0,0
5124,0,0,0,0,0,0,0,0,0,0,0
5125,0,0,0,0,2,0,0,0,0,0,2
5126,0,0,0,0,2,0,0,0,0,0,2
5127,0,0,0,0,0,0,1,0,2,0,3
5129,0,0,0,0,0,0,0,0,0,0,0
5131,0,0,0,0,0,1,1,0,0,0,2
5132,0,0,0,0,0,1,0,0,0,0,1
5133,0,0,0,0,0,0,0,0,0,0,0
5134,0,0,0,0,0,0,0,0,0,0,0
5136,0,0,0,0,1,0,0,0,0,0,1
5137,0,0,0,0,0,0,0,0,0,0,0
5138,0,0,0,0,0,0,0,0,0,0,0
5139,0,0,0,0,0,0,0,0,0,0,0
5140,0,0,0,0,0,0,0,1,0,0,1
5141,0,0,0,0,0,1,0,0,0,0,1
5142,0,0,0,0,0,0,0,0,0,0,0
5143,0,0,0,0,0,0,0,0,0,0,0
5144,0,0,0,0,0,0,0,0,0,0,0
5150,0,0,0,0,0,0,0,0,0,0,0
5151,0,0,0,0,0,0,0,0,0,1,1
5152,0,0,0,1,2,0,2,2,1,0,8
5153,0,0,1,0,0,3,1,0,4,2,11
5154,0,1,0,0,1,1,0,0,0,1,4
5155,0,0,0,0,0,0,2,0,0,1,3
5156,0,0,0,0,0,1,1,0,3,0,5
5157,0,0,0,0,2,0,1,1,0,1,5
5158,0,0,2,2,0,3,0,0,1,2,10
5159,0,0,1,0,1,0,1,1,2,1,7
5160,0,0,0,0,0,0,0,0,0,0,0
5161,0,0,0,0,0,0,1,0,0,1,2
5162,0,0,0,0,4,0,3,2,0,2,11
5163,0,0,0,0,1,1,1,0,2,0,5
5164,0,0,0,0,0,0,0,0,0,0,0
5165,0,1,0,0,1,0,0,4,2,1,9
5166,0,0,0,0,0,0,0,0,0,0,0
5167,0,0,0,0,1,2,0,2,2,0,7
5168,0,0,0,0,0,1,0,0,0,0,1
5169,0,0,0,0,1,0,1,2,1,0,5
5170,0,0,0,1,0,0,1,0,0,0,2
5171,0,0,1,0,1,2,2,1,4,0,11
5172,0,0,0,0,1,1,0,1,2,0,5
5173,0,0,0,1,1,1,0,5,2,0,10
5174,0,0,0,0,0,0,1,2,1,0,4
5175,0,0,0,0,0,0,0,0,0,0,0
5200,0,0,0,0,0,0,0,0,0,0,0
5201,0,0,0,0,0,0,1,0,1,0,2
5202,0,0,0,0,0,1,0,1,0,0,2
5203,0,1,0,0,0,0,0,0,2,0,3
5204,0,0,2,1,1,1,1,1,2,1,10
5209,0,0,0,0,0,0,0,0,0,0,0
5210,0,0,0,0,1,0,0,0,0,0,1
5211,0,0,3,0,0,0,1,1,2,1,8
5212,0,0,0,0,0,1,0,0,1,1,3
5213,0,0,0,0,0,0,1,0,0,0,1
5214,0,0,0,0,0,2,0,1,2,1,6
5219,0,0,0,0,0,0,0,0,1,0,1
5220,0,0,0,0,0,0,0,1,0,0,1
5221,0,0,0,0,0,0,0,0,0,0,0
5222,0,1,0,0,0,0,0,0,0,0,1
5223,0,0,1,0,0,0,1,0,0,0,2
5231,0,0,0,0,0,0,0,0,0,0,0
5232,0,0,0,0,0,0,1,0,0,0,1
5233,0,0,0,0,0,0,0,0,0,0,0
5234,0,1,0,0,0,0,0,0,0,0,1
5235,0,0,0,1,0,2,0,1,0,0,4
5236,0,0,0,0,0,0,0,0,0,0,0
5237,0,0,0,0,0,0,0,0,0,0,0
5238,0,0,0,0,1,2,0,0,2,1,6
5240,0,0,0,0,0,0,0,0,0,0,0
5241,0,0,0,0,0,1,0,0,0,0,1
5242,0,0,0,0,1,0,0,0,0,0,1
5243,0,0,0,0,0,0,0,0,0,0,0
5244,0,0,0,0,1,1,0,0,0,0,2
5245,0,0,0,0,0,0,0,0,0,1,1
5250,0,0,0,0,0,1,0,1,0,0,2
5251,0,0,0,0,0,1,1,2,0,1,5
5252,0,0,1,0,0,0,0,0,1,0,2
5253,0,1,0,1,0,1,0,0,2,0,5
5254,0,0,1,0,0,0,0,0,0,0,1
5255,0,0,0,2,2,0,0,0,2,1,7
5256,0,0,0,0,3,0,0,1,0,1,5
5257,0,0,0,0,0,0,0,0,0,0,0
5259,0,0,0,0,0,0,0,0,0,0,0
5260,0,0,0,0,0,0,0,0,0,0,0
5261,0,0,0,0,0,0,0,0,0,0,0
5262,0,0,0,0,0,0,0,0,0,0,0
5263,0,0,0,0,0,0,0,0,0,0,0
5264,0,0,0,0,0,0,0,0,0,0,0
5265,0,0,0,0,0,0,0,0,1,0,1
5266,0,0,0,0,0,0,0,0,0,0,0
5267,0,0,0,0,0,0,0,0,0,0,0
5268,0,0,0,0,0,0,0,0,0,0,0
5269,0,0,0,0,0,0,0,0,0,0,0
5270,0,0,0,0,0,0,0,0,0,0,0
5271,0,0,0,0,0,1,0,0,0,0,1
5272,0,0,0,0,0,0,0,1,0,0,1
5273,0,0,0,0,0,0,0,0,0,0,0
5275,0,0,0,0,0,0,0,0,0,0,0
5276,0,0,0,0,0,0,0,0,0,0,0
5277,0,0,0,0,0,1,0,1,0,0,2
5278,0,0,0,0,0,0,0,1,0,0,1
5279,0,0,0,0,0,0,0,0,0,0,0
5280,0,0,0,0,0,0,0,0,0,1,1
5290,0,0,0,0,0,0,0,1,0,0,1
5291,0,0,0,0,0,0,0,0,0,1,1
5301,0,0,0,0,0,0,0,0,0,0,0
5302,0,0,0,0,0,0,0,0,0,0,0
5303,0,0,0,0,0,0,0,0,0,0,0
5304,0,0,0,0,0,0,0,0,0,0,0
5306,0,0,0,0,0,0,0,0,0,0,0
5307,0,0,0,0,0,0,0,0,0,0,0
5308,0,0,0,0,0,0,0,0,0,0,0
5309,0,0,0,0,0,0,0,0,0,0,0
5310,0,0,0,0,0,0,0,0,0,0,0
5311,0,0,0,0,0,0,0,0,0,0,0
5313,0,0,0,0,0,0,0,0,0,0,0
5320,0,0,0,0,0,0,0,0,1,0,1
5321,0,0,0,0,0,0,0,0,0,0,0
5322,0,0,0,0,0,0,0,0,0,0,0
5323,0,0,0,0,0,0,0,0,0,0,0
5330,0,0,0,0,1,0,2,1,1,0,5
5331,0,0,0,0,0,0,0,0,0,0,0
5332,0,0,0,0,0,3,0,0,0,0,3
5333,0,0,0,0,0,0,0,0,0,1,1
5335,0,0,0,0,0,0,0,0,0,0,0
5340,0,0,0,0,0,0,0,0,0,0,0
5341,0,0,0,0,0,0,0,3,1,1,5
5342,0,0,0,0,1,0,0,0,0,0,1
5343,0,0,0,0,1,0,2,1,1,2,7
5344,0,0,0,0,0,0,0,0,0,0,0
5345,0,0,0,0,0,1,3,0,2,3,9
5346,0,0,0,0,0,0,0,0,0,0,0
5350,0,0,0,0,0,0,0,0,0,0,0
5351,0,0,0,0,1,0,0,1,0,1,3
5352,0,0,0,0,0,0,0,0,1,1,2
5353,0,0,0,0,0,1,0,0,2,1,4
5354,0,0,0,0,0,0,0,0,0,0,0
5355,0,1,1,2,0,1,0,0,0,1,6
5356,0,0,0,0,0,0,1,0,0,0,1
5357,0,0,0,0,0,0,0,0,0,0,0
5360,0,0,0,0,1,0,0,0,0,0,1
5371,0,0,0,0,0,0,1,0,1,0,2
5372,0,0,0,0,0,0,0,0,1,0,1
5373,0,0,0,0,1,0,1,0,0,0,2
5374,0,0,0,0,0,0,0,0,0,0,0
5381,0,0,0,0,0,0,0,0,0,0,0
5385,0,0,0,0,0,0,0,0,0,0,0
5400,0,0,0,0,0,0,0,0,0,0,0
5401,0,0,0,1,0,0,0,0,0,0,1
5410,0,0,0,0,0,0,0,0,0,0,0
5411,0,0,0,0,0,0,0,0,0,0,0
5412,0,0,0,0,0,0,0,0,0,0,0
5413,0,0,0,0,1,0,0,0,1,0,2
5414,0,0,0,0,0,0,0,0,0,0,0
5415,0,0,0,0,0,0,0,0,0,0,0
5416,0,0,0,0,0,0,0,0,0,0,0
5417,0,0,0,0,0,0,0,0,1,0,1
5418,0,0,0,0,0,0,0,0,0,0,0
5419,0,0,0,0,0,0,0,0,0,0,0
5420,0,0,0,0,0,0,0,0,0,0,0
5422,0,0,0,0,0,0,0,1,0,0,1
5431,0,0,0,0,0,0,0,0,0,0,0
5432,0,0,0,0,0,0,0,0,0,0,0
5433,0,0,0,0,0,0,0,0,0,0,0
5434,0,0,0,0,0,0,0,0,0,0,0
5440,0,0,0,0,0,0,0,0,0,0,0
5441,0,0,0,0,0,0,0,0,0,0,0
5451,0,0,0,0,0,0,0,0,0,0,0
5452,0,0,0,0,0,0,0,0,0,0,0
5453,0,0,0,0,1,0,0,0,1,1,3
5454,0,0,0,0,0,0,0,0,0,1,1
5460,0,0,0,0,0,0,0,0,0,0,0
5461,0,0,0,0,0,0,0,0,0,0,0
5462,0,0,0,0,0,0,0,0,0,0,0
5464,0,0,0,0,0,0,0,0,0,0,0
5470,0,0,0,0,0,0,0,0,0,0,0
5471,0,0,0,0,0,0,0,0,0,0,0
5472,0,0,0,0,0,0,0,0,0,0,0
5473,0,0,0,0,0,1,0,0,0,0,1
5474,0,0,0,0,0,0,0,0,0,0,0
5475,0,0,0,0,0,0,0,0,0,0,0
5479,0,0,0,0,0,0,0,0,1,0,1
5480,0,0,0,0,0,0,0,0,0,1,1
5481,0,0,0,0,0,1,0,0,0,0,1
5482,0,0,0,0,0,0,0,0,0,0,0
5483,0,0,0,0,0,0,0,1,0,0,1
5485,0,0,0,0,0,0,0,0,0,0,0
5490,0,0,0,0,0,0,0,0,0,0,0
5491,0,0,0,0,0,0,0,1,0,0,1
5493,0,0,0,0,0,0,0,0,0,0,0
5495,0,0,0,0,0,0,0,0,0,0,0
5501,0,0,0,1,0,0,0,0,1,2,4
5502,0,0,0,0,0,0,0,0,0,0,0
5504,0,0,0,0,0,0,0,0,0,0,0
5510,0,0,0,0,0,0,0,0,0,0,0
5517,0,0,0,0,0,0,0,0,0,0,0
5520,0,0,0,0,0,0,0,0,0,0,0
5521,0,0,0,0,0,0,0,0,0,0,0
5522,0,0,0,0,1,0,0,0,0,0,1
5523,0,0,0,0,0,0,0,1,0,0,1
5527,0,0,0,0,0,0,0,0,0,0,0
5530,0,0,0,0,0,0,0,0,0,0,0
5540,0,0,0,0,0,0,0,0,0,0,0
5550,0,0,0,0,0,0,0,0,0,0,0
5552,0,0,0,0,0,0,0,0,0,0,0
5554,0,0,0,0,0,0,1,0,0,0,1
5555,0,0,0,0,0,0,1,1,0,0,2
5556,0,0,0,0,1,0,0,0,0,0,1
5558,0,0,0,1,0,0,1,0,0,0,2
5560,0,0,0,0,0,0,0,0,0,0,0
5570,0,0,0,0,0,0,0,0,0,0,0
5571,0,0,0,0,0,0,0,0,0,0,0
5572,0,0,0,0,0,0,0,0,0,0,0
5573,0,0,0,0,0,0,0,0,0,0,0
5574,0,0,0,0,0,0,0,0,0,0,0
5575,0,0,0,0,1,0,1,0,2,0,4
5576,0,0,0,0,0,0,0,0,0,0,0
5577,0,0,0,0,0,0,0,0,0,0,0
5580,0,0,0,0,0,0,0,0,0,0,0
5581,0,0,0,0,0,0,0,0,0,0,0
5582,0,0,1,0,0,0,0,0,0,0,1
5583,0,1,0,0,0,0,0,0,0,0,1
5588,0,0,0,0,0,0,0,0,0,0,0
5600,0,3,3,4,2,4,0,2,4,1,23
5601,0,0,0,0,0,0,0,0,0,0,0
5602,0,0,0,0,0,0,0,0,0,0,0
5603,0,0,0,0,0,0,0,0,0,0,0
5604,0,0,0,0,0,0,0,0,0,0,0
5605,0,0,0,0,0,0,0,0,0,0,0
5606,0,0,0,0,0,0,1,0,0,0,1
5607,0,0,0,0,0,0,0,1,2,0,3
5608,0,0,0,1,0,1,0,0,0,3,5
5609,0,0,0,0,0,0,0,0,0,0,0
5630,0,0,0,0,0,0,0,0,0,0,0
5631,0,0,0,0,0,0,0,0,0,0,0
5632,0,0,0,0,0,0,0,0,0,0,0
5633,0,0,0,0,0,0,1,0,0,0,1
5634,0,0,0,0,0,0,0,0,0,0,0
5640,0,0,0,0,0,0,0,0,0,0,0
5641,0,0,0,0,0,0,0,0,0,0,0
5642,0,0,0,0,0,0,0,0,0,0,0
5650,0,0,0,0,0,0,0,0,0,0,0
5651,0,0,0,0,0,0,0,0,0,0,0
5652,0,0,0,0,0,1,0,0,0,0,1
5653,0,0,0,0,0,0,0,0,0,0,0
5654,0,0,0,0,0,0,0,0,0,0,0
5655,0,0,0,0,0,0,0,0,0,0,0
5660,0,0,0,0,0,0,0,0,0,0,0
5661,0,0,0,0,0,0,0,0,0,0,0
5664,0,0,0,0,0,0,0,0,0,0,0
5670,0,0,0,0,0,0,0,0,0,0,0
5671,0,0,0,0,0,0,0,0,0,0,0
5680,0,0,0,0,1,1,0,0,1,1,4
5686,0,0,0,0,0,0,0,0,0,0,0
5690,0,0,0,0,0,0,0,0,0,0,0
5700,0,1,0,0,1,0,0,0,0,0,2
5710,0,0,0,0,0,0,0,0,0,0,0
5711,0,0,0,0,0,0,0,0,0,0,0
5713,0,0,0,0,0,0,0,0,0,0,0
5718,0,0,0,0,0,0,0,0,0,0,0
5719,0,0,0,0,0,0,0,0,0,0,0
5720,0,0,0,0,0,0,0,0,0,0,0
5722,0,0,0,0,0,0,0,0,0,0,0
5723,0,0,0,0,0,1,0,0,1,1,3
5724,0,0,0,0,0,0,0,0,0,0,0
5725,0,0,0,0,0,0,0,0,0,0,0
5728,0,0,0,0,0,0,0,0,0,0,0
5730,0,0,0,0,0,0,0,0,0,0,0
5731,0,0,0,0,0,0,0,0,0,0,0
5732,0,0,0,0,0,0,0,0,0,0,0
5733,0,0,0,0,0,0,0,0,0,0,0
5734,0,0,0,0,0,0,0,0,0,0,0
5750,0,0,0,0,0,0,0,0,0,0,0
5759,0,0,0,0,0,0,0,0,0,0,0
5763,0,0,0,0,0,0,0,0,0,0,0
5800,0,0,0,0,0,0,0,0,0,0,0
5950,0,0,0,0,0,0,0,0,0,0,0
6000,0,0,1,0,0,0,0,0,0,0,1
6003,0,0,0,0,0,0,1,0,0,0,1
6004,0,0,0,0,0,1,1,0,1,0,3
6005,0,0,0,1,0,0,0,0,0,0,1
6006,0,0,0,0,0,0,0,1,1,0,2
6007,0,0,0,0,0,1,0,0,0,0,1
6008,0,0,1,0,1,0,1,0,2,0,5
6009,0,3,1,1,2,3,1,0,3,1,15
6010,0,0,1,2,1,0,1,1,0,0,6
6011,0,2,0,0,1,1,0,0,1,1,6
6012,0,0,1,1,0,1,1,0,0,0,4
6014,0,0,2,0,2,1,0,3,2,2,12
6015,0,1,1,1,2,2,0,0,1,1,9
6016,0,0,0,1,0,0,0,0,0,1,2
6017,0,0,1,0,0,0,0,0,1,0,2
6018,0,4,1,2,3,2,3,4,7,3,29
6019,0,1,3,0,0,1,3,2,2,0,12
6020,0,3,0,1,4,6,2,1,0,0,17
6021,0,3,0,2,1,3,1,2,3,3,18
6022,0,0,1,1,0,1,0,5,2,0,10
6023,0,1,2,4,2,1,2,1,2,3,18
6024,0,2,2,2,2,1,0,0,1,3,13
6025,0,3,1,3,2,2,4,6,3,1,25
6026,0,2,0,1,3,1,1,1,2,0,11
6027,0,2,3,0,4,5,2,0,1,3,20
6028,0,0,0,0,0,1,1,0,2,1,5
6029,0,0,1,1,1,1,0,1,0,0,5
6030,0,1,1,1,0,1,1,2,2,0,9
6031,0,0,0,0,0,0,0,0,0,0,0
6032,0,0,0,0,0,0,0,0,0,0,0
6033,0,1,0,0,0,1,1,0,2,0,5
6034,0,0,0,0,0,0,0,0,0,0,0
6035,0,1,2,2,0,3,0,3,2,4,17
6036,0,0,0,0,0,0,0,0,0,0,0
6037,0,2,4,5,0,4,3,2,3,1,24
6038,0,0,0,0,0,0,0,0,0,0,0
6039,0,0,0,0,0,0,0,0,0,0,0
6041,0,0,0,0,0,0,1,0,0,1,2
6042,0,0,0,0,0,0,0,1,1,0,2
6043,0,0,0,0,0,0,0,0,0,0,0
6044,0,1,0,1,1,2,0,1,2,1,9
6046,0,0,0,0,0,0,0,0,0,0,0
6047,0,0,0,0,0,0,0,0,0,0,0
6050,0,1,1,3,0,0,1,0,1,0,7
6051,0,0,0,2,0,0,1,0,0,0,3
6052,0,0,0,0,0,0,0,0,0,0,0
6053,0,0,1,0,1,1,2,0,0,0,5
6054,0,1,1,1,3,2,0,0,3,1,12
6055,0,0,0,0,3,4,1,2,2,0,12
6056,0,1,3,6,7,4,3,9,6,4,43
6057,0,0,1,2,1,4,1,5,1,1,16
6058,0,0,1,2,1,2,2,3,1,1,13
6059,0,0,0,0,2,1,0,0,0,1,4
6060,0,0,1,2,2,2,0,1,1,2,11
6061,0,1,0,4,1,0,3,3,1,0,13
6062,0,0,8,5,5,6,4,5,10,4,47
6063,0,1,1,0,1,0,0,1,1,1,6
6064,0,1,1,3,2,0,2,2,0,1,12
6065,0,5,0,2,2,3,10,4,8,3,37
6066,0,0,1,0,2,0,0,1,0,2,6
6067,0,0,0,0,0,0,0,0,0,0,0
6068,0,0,0,0,0,0,0,0,0,0,0
6069,0,2,1,0,2,0,0,0,1,0,6
6070,0,1,3,0,1,3,2,4,3,3,20
6071,0,0,0,0,1,1,0,1,2,1,6
6072,0,0,1,1,1,1,0,0,0,0,4
6073,0,2,2,1,3,2,2,3,1,3,19
6074,0,0,0,0,0,0,0,0,0,0,0
6075,0,0,0,0,0,0,0,0,0,0,0
6076,0,2,6,4,5,11,4,11,8,9,60
6077,0,0,0,0,0,0,0,0,0,0,0
6078,0,0,0,0,0,0,0,0,0,0,0
6079,0,0,0,0,0,0,0,0,0,0,0
6080,0,0,0,0,0,0,0,0,0,0,0
6081,0,2,1,0,1,3,1,4,2,4,18
6082,0,1,3,0,0,0,4,1,1,1,11
6083,0,2,2,2,3,2,2,5,3,1,22
6084,0,1,2,0,1,2,1,4,2,6,19
6087,0,0,0,0,0,0,0,0,0,0,0
6088,0,0,0,0,0,0,0,0,0,0,0
6090,0,0,0,0,0,0,0,0,0,0,0
6100,0,0,0,1,0,2,2,2,2,0,9
6101,0,0,0,1,0,0,0,1,1,0,3
6102,0,0,0,1,1,1,1,0,1,0,5
6103,0,1,0,0,0,0,0,0,0,1,2
6104,0,1,1,1,2,0,2,0,2,0,9
6105,0,0,0,0,0,1,3,2,3,2,11
6106,0,0,0,0,0,0,0,0,0,0,0
6107,0,0,4,6,4,2,3,9,2,6,36
6108,0,1,2,2,1,2,1,3,1,3,16
6109,0,0,0,0,0,3,1,3,2,1,10
6110,0,1,4,1,5,4,2,2,3,2,24
6111,0,3,4,6,6,4,1,2,5,1,32
6112,0,2,6,1,4,3,5,3,3,5,32
6113,0,0,0,1,0,0,1,2,0,1,5
6116,0,0,0,0,0,0,0,0,0,0,0
6117,0,0,0,0,0,0,0,0,0,0,0
6121,0,0,1,0,0,0,0,1,0,1,3
6122,0,1,1,0,0,3,1,1,0,1,8
6123,0,0,0,0,1,0,0,0,1,0,2
6124,0,1,0,0,0,0,0,0,0,0,1
6125,0,0,0,0,0,0,1,1,1,1,4
6126,0,0,0,0,0,0,0,0,1,0,1
6144,0,0,0,0,0,0,0,0,0,0,0
6145,0,0,0,0,0,0,0,0,0,0,0
6147,0,0,0,1,2,2,2,1,2,1,11
6148,0,1,0,2,3,3,2,3,1,2,17
6149,0,0,2,0,0,6,3,5,3,2,21
6150,0,0,3,1,1,0,1,0,2,1,9
6151,0,0,0,0,0,0,0,0,0,2,2
6152,0,1,0,0,1,1,1,0,1,0,5
6153,0,2,1,1,1,1,3,3,2,0,14
6154,0,0,2,0,1,1,3,2,4,2,15
6155,0,1,3,5,3,3,3,9,4,3,34
6156,0,1,2,1,0,2,0,3,3,1,13
6157,0,1,0,1,1,1,0,2,2,1,9
6158,0,0,0,2,0,1,1,3,1,1,9
6159,0,0,0,0,0,0,0,0,0,0,0
6160,0,0,0,1,0,0,0,0,1,1,3
6162,0,1,2,1,1,3,0,0,1,1,10
6163,0,3,3,4,7,5,5,8,6,7,48
6164,0,1,2,3,3,5,1,3,2,1,21
6165,0,0,0,0,0,0,0,0,0,0,0
6166,0,0,0,1,2,2,1,0,2,0,8
6167,0,1,2,2,1,4,2,4,0,1,17
6168,0,3,0,0,0,2,2,4,6,4,21
6169,0,2,1,6,2,4,1,5,7,1,29
6170,0,0,0,0,0,0,0,2,0,0,2
6171,0,0,3,2,0,0,1,2,1,0,9
6172,0,0,0,0,1,0,0,0,0,0,1
6173,0,0,0,0,0,0,0,0,0,0,0
6174,0,0,0,0,1,0,0,1,1,0,3
6175,0,0,0,0,0,0,1,0,1,0,2
6176,0,1,0,1,1,1,0,0,1,0,5
6177,0,0,0,0,0,0,0,0,0,0,0
6180,0,0,0,0,0,0,0,0,0,0,0
6181,0,0,0,0,0,0,0,0,0,0,0
6182,0,0,0,0,0,0,0,0,0,0,0
6197,0,0,0,0,0,0,0,0,0,0,0
6198,0,0,0,0,0,0,0,0,0,0,0
6201,0,0,2,0,0,0,1,3,0,0,6
6202,0,1,1,0,0,0,0,0,1,0,3
6203,0,0,0,0,0,0,0,0,0,0,0
6204,0,0,0,0,0,0,0,0,0,0,0
6205,0,0,0,1,0,0,0,0,0,0,1
6206,0,1,0,1,0,0,0,1,0,1,4
6207,0,0,0,0,0,0,1,1,1,0,3
6208,0,1,1,1,1,0,3,7,6,0,20
6209,0,0,0,0,0,0,0,0,0,0,0
6210,0,4,4,5,10,9,9,9,14,7,71
6211,0,0,0,0,0,0,0,0,0,0,0
6212,0,0,0,0,0,0,0,0,0,0,0
6213,0,0,0,0,0,0,0,0,0,0,0
6214,0,0,0,0,1,0,0,0,0,1,2
6215,0,0,1,1,3,0,2,2,1,2,12
6218,0,0,0,0,0,0,2,0,1,0,3
6220,0,0,0,0,0,1,0,1,1,1,4
6221,0,0,0,0,0,0,1,0,0,0,1
6223,0,0,0,0,0,0,0,0,0,1,1
6224,0,1,2,1,0,0,0,1,0,0,5
6225,0,1,6,4,4,1,1,0,5,5,27
6226,0,0,0,0,0,1,0,0,0,0,1
6227,0,0,0,1,1,1,0,0,0,0,3
6228,0,0,0,0,0,0,0,0,0,0,0
6229,0,0,0,0,0,0,0,0,0,0,0
6230,0,1,5,4,6,1,6,6,3,1,33
6231,0,0,0,0,0,0,0,0,1,0,1
6232,0,1,1,0,1,0,0,0,0,1,4
6233,0,1,0,1,3,0,0,1,1,0,7
6236,0,1,1,0,1,1,1,1,0,2,8
6237,0,2,0,1,0,0,0,1,0,1,5
6239,0,2,4,1,0,0,2,0,0,3,12
6240,0,0,0,0,0,0,0,0,0,0,0
6243,0,0,0,0,0,0,0,0,0,0,0
6244,0,0,0,1,1,1,1,0,0,0,4
6251,0,1,0,0,0,0,0,0,0,0,1
6252,0,0,0,0,0,0,0,0,0,0,0
6253,0,0,0,0,0,0,0,0,0,1,1
6254,0,0,0,0,0,0,0,0,0,0,0
6255,0,0,1,2,1,3,1,0,1,1,10
6256,0,0,0,0,0,0,0,0,0,0,0
6258,0,1,0,0,1,1,3,2,0,2,10
6260,0,1,0,0,0,0,0,0,1,1,3
6262,0,0,0,0,0,0,0,1,0,0,1
6271,0,1,0,1,0,1,0,0,1,2,6
6274,0,0,0,0,0,0,0,0,0,0,0
6275,0,0,1,0,0,0,0,1,0,3,5
6280,0,1,8,6,7,5,2,5,3,11,48
6281,0,1,3,1,0,3,0,0,5,1,14
6282,0,0,0,2,0,1,0,0,1,1,5
6284,0,0,0,0,0,0,1,0,1,0,2
6285,0,0,1,3,0,2,3,5,1,1,16
6286,0,0,0,0,0,0,0,1,0,0,1
6288,0,0,0,1,0,0,0,0,0,0,1
6290,0,1,0,0,0,1,0,1,0,0,3
6302,0,0,1,1,3,1,2,0,3,2,13
6303,0,0,0,0,0,0,0,0,0,0,0
6304,0,0,0,0,0,1,0,2,0,1,4
6306,0,0,0,0,0,1,0,0,0,0,1
6308,0,0,0,0,2,0,2,0,0,0,4
6309,0,0,0,0,0,0,0,1,0,0,1
6311,0,0,0,0,0,0,0,0,0,0,0
6312,0,1,0,0,2,0,1,0,0,0,4
6313,0,0,0,0,0,0,0,0,0,0,0
6315,0,0,0,0,1,0,0,0,0,2,3
6316,0,0,0,0,0,0,0,0,0,0,0
6317,0,2,1,2,0,0,3,0,3,5,16
6318,0,0,0,0,0,0,0,1,0,0,1
6320,0,1,0,0,0,0,0,0,0,1,2
6321,0,0,0,0,0,0,0,0,0,0,0
6322,0,0,0,0,0,0,0,0,0,0,0
6323,0,0,0,0,0,0,0,0,1,0,1
6324,0,0,1,0,2,1,0,1,1,1,7
6326,0,0,0,0,0,0,1,0,0,0,1
6327,0,0,0,0,0,0,0,0,0,0,0
6328,0,0,0,0,0,0,0,0,0,0,0
6330,0,5,6,4,5,4,1,6,7,3,41
6331,0,0,0,0,0,0,0,0,0,0,0
6332,0,0,0,0,0,0,0,0,0,0,0
6333,0,1,1,2,1,5,0,1,6,0,17
6335,0,0,0,0,0,2,0,0,0,0,2
6336,0,0,0,0,0,1,0,0,0,0,1
6337,0,0,0,1,0,0,0,0,0,0,1
6338,0,0,0,1,0,0,1,0,1,0,3
6341,0,0,0,0,0,0,0,0,0,0,0
6343,0,0,0,0,0,0,0,0,0,0,0
6346,0,0,0,0,0,0,0,0,0,0,0
6348,0,0,0,0,0,0,0,0,0,0,0
6350,0,0,0,0,0,1,0,0,0,0,1
6351,0,0,0,0,0,0,0,0,0,0,0
6352,0,0,0,0,0,0,0,0,0,0,0
6353,0,0,0,0,0,1,0,0,0,0,1
6355,0,0,0,0,1,0,0,0,0,0,1
6356,0,0,0,0,0,0,0,1,0,0,1
6357,0,0,0,0,0,0,0,0,0,0,0
6358,0,0,0,0,0,0,0,0,0,0,0
6359,0,0,0,0,0,0,0,0,0,0,0
6361,0,0,0,0,0,0,0,0,0,0,0
6363,0,0,0,0,0,0,0,0,0,1,1
6365,0,0,0,0,0,0,1,0,2,1,4
6367,0,0,0,0,0,0,0,1,0,0,1
6368,0,0,0,0,0,0,0,0,0,0,0
6369,0,0,0,0,0,1,0,0,0,1,2
6370,0,0,0,0,0,0,0,0,0,0,0
6372,0,0,0,0,0,0,1,0,0,0,1
6373,0,0,0,0,0,0,0,0,0,0,0
6375,0,0,0,0,1,1,1,0,1,1,5
6383,0,0,0,0,0,0,1,0,0,0,1
6384,0,0,0,0,0,0,0,0,0,0,0
6385,0,0,0,0,0,0,0,0,0,0,0
6386,0,0,0,0,0,0,0,0,0,0,0
6390,0,1,0,0,0,1,0,1,0,0,3
6391,0,0,0,0,0,0,0,0,0,1,1
6392,0,0,1,1,1,0,0,0,0,0,3
6393,0,0,0,0,0,0,0,0,0,0,0
6394,0,0,0,0,0,0,0,0,0,0,0
6395,0,1,0,2,2,1,1,0,1,2,10
6396,0,0,0,0,0,0,0,1,0,0,1
6397,0,0,0,0,0,0,0,0,0,0,0
6398,0,0,0,0,0,1,0,0,0,0,1
6401,0,0,0,0,2,2,1,0,3,1,9
6403,0,0,0,0,0,0,0,0,1,0,1
6405,0,0,0,0,0,0,0,0,0,0,0
6407,0,0,1,0,0,0,0,0,1,0,2
6409,0,0,0,0,0,0,1,1,0,0,2
6410,0,0,0,0,0,0,0,0,1,0,1
6411,0,0,0,0,0,0,0,0,0,0,0
6412,0,0,0,0,0,0,0,0,0,0,0
6413,0,0,0,0,0,0,0,0,0,0,0
6414,0,0,0,0,0,0,0,0,0,0,0
6415,0,0,0,0,0,2,0,1,1,2,6
6417,0,0,0,0,0,0,0,0,0,0,0
6418,0,0,0,0,0,0,0,0,1,0,1
6419,0,0,0,0,0,0,0,0,0,0,0
6420,0,0,0,0,0,0,0,0,1,0,1
6421,0,0,0,0,0,0,0,0,0,0,0
6422,0,0,0,0,0,0,0,0,0,0,0
6423,0,0,0,0,0,0,0,0,0,0,0
6424,0,0,0,0,0,1,0,0,0,0,1
6425,0,0,0,0,0,0,0,0,0,0,0
6426,0,0,0,0,0,0,0,1,1,0,2
6428,0,0,0,0,0,0,0,0,0,0,0
6429,0,0,1,1,1,0,0,0,0,0,3
6430,0,4,3,4,4,1,1,4,0,1,22
6431,0,0,0,0,0,0,0,0,0,0,0
6432,0,0,4,1,4,0,2,0,1,0,12
6433,0,0,0,0,0,0,0,0,0,0,0
6436,0,0,0,0,0,0,0,0,0,0,0
6437,0,0,0,0,0,0,0,0,0,0,0
6438,0,0,0,0,0,0,0,0,0,0,0
6440,0,0,0,0,0,0,0,0,0,0,0
6442,0,0,0,0,0,0,0,0,0,0,0
6443,0,1,1,0,0,0,0,0,0,0,2
6444,0,0,0,0,1,0,0,0,0,0,1
6445,0,0,0,0,0,0,0,0,0,0,0
6446,0,0,0,0,0,0,0,0,0,0,0
6447,0,0,0,0,0,0,0,0,0,0,0
6448,0,0,0,0,0,0,0,1,0,1,2
6450,0,1,2,3,2,1,1,1,8,8,27
6455,0,0,0,0,0,0,0,0,0,0,0
6460,0,0,0,0,0,1,0,0,0,0,1
6461,0,0,0,0,0,0,0,0,1,0,1
6462,0,0,0,0,0,0,0,0,0,0,0
6464,0,0,0,0,0,0,0,0,0,0,0
6465,0,0,0,0,0,0,0,0,0,0,0
6466,0,0,0,0,0,0,0,0,0,0,0
6467,0,0,0,0,0,0,0,0,0,0,0
6468,0,0,0,0,0,1,0,0,2,0,3
6472,0,0,0,0,0,0,0,0,0,0,0
6475,0,0,0,0,0,0,0,0,0,0,0
6476,0,0,0,0,0,0,0,0,0,0,0
6477,0,0,0,0,0,0,1,0,0,0,1
6479,0,0,0,0,1,0,0,0,0,0,1
6480,0,0,0,0,0,0,0,0,0,0,0
6484,0,0,1,0,0,0,0,0,0,0,1
6485,0,0,0,0,0,0,0,0,0,0,0
6487,0,0,0,0,0,0,0,0,0,0,0
6488,0,0,0,0,0,0,0,0,0,0,0
6489,0,0,0,0,0,0,0,0,0,0,0
6490,0,0,0,0,0,0,0,0,0,0,0
6501,0,0,0,0,1,0,0,0,3,0,4
6502,0,0,0,3,1,1,0,0,1,1,7
6503,0,2,0,1,0,0,0,0,1,1,5
6504,0,0,0,0,0,0,0,0,0,0,0
6505,0,0,0,0,0,0,0,0,0,0,0
6506,0,0,0,0,0,0,0,0,0,0,0
6507,0,0,0,0,0,0,0,0,0,0,0
6509,0,0,0,0,0,0,0,0,0,0,0
6510,0,0,0,0,0,2,1,0,0,0,3
6511,0,0,0,0,1,0,0,1,0,1,3
6512,0,1,0,0,0,0,0,0,0,0,1
6513,0,0,0,0,0,0,0,1,0,1,2
6514,0,0,0,0,0,0,0,0,0,0,0
6515,0,0,0,0,0,0,0,0,0,0,0
6516,0,1,0,0,0,0,2,0,0,0,3
6517,0,0,0,0,0,0,0,0,0,0,0
6518,0,0,0,0,0,0,0,0,0,0,0
6519,0,0,0,0,0,0,0,0,0,0,0
6521,0,0,0,0,0,0,0,0,0,0,0
6522,0,0,0,1,0,0,0,0,0,0,1
6525,0,2,1,0,0,0,1,1,1,2,8
6528,0,0,0,0,0,0,0,1,0,0,1
6530,0,2,5,2,3,8,3,6,12,7,48
6531,0,0,0,0,0,0,0,0,0,0,0
6532,0,0,1,2,1,0,1,1,1,0,7
6535,0,0,1,1,0,0,1,1,2,1,7
6536,0,1,0,0,1,0,0,0,0,1,3
6537,0,0,1,0,0,0,0,0,0,0,1
6554,0,0,0,0,0,0,0,0,0,0,0
6556,0,0,0,0,2,1,1,0,2,1,7
6558,0,0,0,0,0,0,1,0,0,0,1
6560,0,1,0,0,0,0,0,0,0,0,1
6562,0,0,0,1,2,1,0,0,1,1,6
6564,0,0,0,0,0,0,0,0,0,1,1
6566,0,0,2,0,2,1,3,3,4,0,15
6567,0,0,0,0,0,0,0,0,0,0,0
6568,0,0,0,0,0,0,0,0,1,0,1
6569,0,0,0,0,0,0,0,0,0,0,0
6571,0,0,0,0,0,0,0,0,0,0,0
6572,0,0,0,0,0,0,0,0,0,0,0
6574,0,1,0,0,0,0,0,0,0,0,1
6575,0,0,0,0,0,0,0,0,0,1,1
6603,0,0,0,1,0,0,0,1,1,0,3
6606,0,0,0,0,0,0,0,0,0,0,0
6608,0,0,0,0,0,0,0,0,0,0,0
6609,0,0,0,1,0,1,2,0,0,0,4
6612,0,0,0,0,0,0,0,0,0,0,0
6613,0,0,0,0,0,0,0,0,0,0,0
6614,0,0,0,0,0,0,0,0,0,0,0
6616,0,0,0,0,0,0,0,0,0,0,0
6620,0,0,0,0,0,0,0,0,0,0,0
6623,0,0,0,0,0,0,1,0,0,0,1
6627,0,0,0,0,0,0,0,0,0,0,0
6628,0,0,0,0,0,0,0,0,0,0,0
6630,0,0,0,0,0,0,0,1,0,0,1
6632,0,0,0,0,0,0,0,0,0,0,0
6635,0,0,0,0,0,0,0,0,0,0,0
6638,0,0,0,0,0,0,0,0,0,0,0
6639,0,0,0,0,0,0,0,0,0,0,0
6640,0,0,0,0,0,0,0,0,0,0,0
6642,0,0,0,1,0,0,0,0,0,0,1
6646,0,0,0,0,0,0,0,0,0,0,0
6664,0,0,0,0,0,0,0,0,0,0,0
6666,0,0,0,0,0,0,0,0,0,0,0
6701,0,0,0,5,1,0,1,1,1,1,10
6705,0,0,0,0,0,0,0,0,0,0,0
6707,0,0,0,1,0,0,1,0,1,0,3
6710,0,0,0,1,0,1,0,0,0,0,2
6713,0,0,0,0,0,0,0,0,0,0,0
6714,0,0,1,0,2,0,2,3,4,4,16
6716,0,0,0,0,0,0,0,0,0,0,0
6718,0,0,0,0,0,0,0,0,0,0,0
6720,0,0,0,0,0,0,0,0,0,0,0
6721,0,0,0,0,0,0,0,1,0,6,7
6722,0,0,0,0,1,0,0,0,0,0,1
6725,0,3,8,0,6,2,2,2,8,2,33
6726,0,0,0,0,0,0,0,0,0,0,0
6728,0,0,0,1,0,1,0,0,0,0,2
6740,0,0,0,0,0,0,0,0,0,0,0
6743,0,1,1,2,0,1,1,0,1,4,11
6751,0,0,0,0,0,0,0,0,0,0,0
6753,0,0,1,1,0,0,0,0,4,0,6
6754,0,0,0,0,0,0,0,0,0,0,0
6758,0,0,0,0,0,0,0,0,0,0,0
6760,0,0,0,0,0,0,0,0,0,0,0
6765,0,0,0,0,0,0,0,0,1,2,3
6770,0,0,0,0,0,0,0,0,0,28,28
6780,0,0,0,0,0,0,0,0,0,0,0
6798,0,0,0,0,0,0,0,0,0,0,0
6799,0,0,0,0,0,0,0,0,0,0,0
6810,0,0,0,0,0,0,0,0,0,0,0
6850,0,0,0,0,0,0,0,0,0,0,0
6870,0,0,0,0,0,0,0,0,0,0,0
6872,0,0,0,0,0,0,0,0,0,0,0
6873,0,0,0,0,0,0,0,0,0,0,0
6880,0,0,0,0,0,0,0,0,0,0,0
6883,0,0,0,0,0,0,0,0,0,0,0
6892,0,0,0,0,0,0,0,0,0,0,0
6901,0,0,0,0,0,0,0,0,0,0,0
6906,0,0,0,0,0,0,0,0,0,0,0
6907,0,0,0,0,0,0,0,0,0,0,0
6909,0,0,0,0,0,0,0,0,0,0,0
6910,0,0,0,0,0,0,0,0,0,0,0
6911,0,0,0,0,0,0,0,0,0,0,0
6912,0,0,0,0,0,0,0,0,0,0,0
6913,0,0,0,0,0,0,0,0,0,0,0
6914,0,0,0,0,0,0,0,0,0,0,0
6915,0,0,0,0,0,0,0,0,0,0,0
6916,0,0,0,0,0,0,0,0,0,0,0
6917,0,0,0,0,0,0,0,0,0,0,0
6918,0,0,0,0,0,0,0,0,0,0,0
6920,0,0,0,0,0,0,0,0,0,0,0
6921,0,0,0,0,0,0,0,0,0,0,0
6922,0,0,0,0,0,0,0,0,0,0,0
6923,0,0,0,0,0,0,0,0,0,0,0
6924,0,0,0,0,0,0,0,0,0,0,0
6925,0,0,0,0,0,0,0,0,0,0,0
6926,0,0,0,0,0,0,0,0,0,0,0
6929,0,0,0,0,0,0,0,0,0,0,0
6931,0,0,0,0,0,0,0,0,0,0,0
6932,0,0,0,0,0,0,0,0,0,0,0
6933,0,0,0,0,0,0,0,0,0,0,0
6934,0,0,0,0,0,0,0,0,0,0,0
6935,0,0,0,0,0,0,0,0,0,0,0
6939,0,0,0,0,0,0,0,0,0,0,0
6941,0,0,0,0,0,0,0,0,0,0,0
6943,0,0,0,0,0,0,0,0,0,0,0
6944,0,0,0,0,0,0,0,0,0,0,0
6946,0,0,0,0,0,0,0,0,0,0,0
6951,0,0,0,0,0,0,0,0,0,0,0
6952,0,0,0,0,0,0,0,0,0,0,0
6953,0,0,0,0,0,0,0,0,0,0,0
6954,0,0,0,0,0,0,0,0,0,0,0
6955,0,0,0,0,0,0,0,0,0,0,0
6956,0,0,0,0,0,0,0,0,0,0,0
6957,0,0,0,0,0,0,0,0,0,0,0
6958,0,0,0,0,0,0,0,0,0,0,0
6959,0,0,0,0,0,0,0,0,0,0,0
6963,0,0,0,0,0,0,0,0,0,0,0
6964,0,0,0,0,0,0,0,0,0,0,0
6966,0,0,0,0,0,0,0,0,0,0,0
6968,0,0,0,0,0,0,0,0,0,0,0
6979,0,0,0,0,0,0,0,0,0,0,0
6980,0,0,0,0,0,0,0,0,0,0,0
6981,0,0,0,0,0,0,0,0,0,0,0
6982,0,0,0,0,0,0,0,0,0,0,0
6984,0,0,0,0,0,0,0,0,0,0,0
6985,0,0,0,0,0,0,0,0,0,0,0
6988,0,0,0,0,0,0,0,0,0,0,0
6989,0,0,0,0,0,0,0,0,0,0,0
6990,0,0,0,0,0,0,0,0,0,0,0
6991,0,0,0,0,0,0,0,0,0,0,0
6992,0,0,0,0,0,0,0,0,0,0,0
7000,0,0,0,0,0,0,0,0,0,0,0
7001,0,0,0,0,0,0,0,0,0,0,0
7004,0,0,0,0,0,0,0,0,0,0,0
7005,0,0,0,0,0,0,0,0,0,0,0
7006,0,0,0,0,0,0,0,0,0,0,0
7007,0,0,0,0,0,0,0,0,1,0,1
7008,0,0,0,0,0,0,0,0,0,0,0
7009,0,0,0,0,0,0,0,0,0,0,0
7010,0,0,0,0,0,0,0,0,0,0,0
7011,0,0,0,0,0,0,1,0,1,0,2
7012,0,0,0,0,0,0,0,0,0,0,0
7014,0,0,0,0,0,0,0,0,0,0,0
7015,0,0,0,0,0,0,0,0,0,0,0
7016,0,0,0,0,0,0,0,0,0,0,0
7017,0,0,0,0,0,0,0,0,0,0,0
7018,0,0,0,0,0,0,1,0,0,0,1
7019,0,0,0,0,0,0,0,0,0,0,0
7020,0,0,0,0,0,0,0,0,0,0,0
7021,0,0,0,0,0,0,0,0,0,0,0
7022,0,0,0,0,0,0,0,0,0,0,0
7023,0,0,0,0,0,0,0,0,0,0,0
7024,0,0,0,0,0,0,0,0,0,0,0
7025,0,0,0,0,0,0,0,0,0,0,0
7026,0,0,0,0,0,0,0,0,0,0,0
7027,0,0,0,0,0,0,0,0,0,0,0
7030,0,0,0,0,0,0,0,0,0,0,0
7050,0,0,0,0,0,0,1,0,0,0,1
7051,0,0,0,0,0,0,0,0,0,0,0
7052,0,0,0,0,0,0,0,0,1,0,1
7053,0,0,0,0,0,0,0,0,0,0,0
7054,0,0,0,1,0,0,0,0,0,0,1
7055,0,0,0,0,0,0,0,0,0,0,0
7105,0,0,0,0,0,0,0,0,0,0,0
7109,0,0,0,0,0,0,0,0,0,0,0
7112,0,0,0,0,0,0,0,0,0,0,0
7113,0,0,0,0,0,0,0,0,0,0,0
7116,0,0,0,0,0,0,0,0,0,0,0
7117,0,0,0,0,0,0,0,0,0,0,0
7119,0,0,0,0,0,0,0,0,0,0,0
7120,0,0,0,0,0,0,0,0,0,0,0
7140,0,0,0,0,0,0,0,0,0,0,0
7150,0,0,0,0,0,0,0,1,0,1,2
7155,0,0,0,0,0,0,0,0,0,0,0
7162,0,0,0,0,0,0,0,0,0,0,0
7163,0,0,0,0,0,0,0,0,0,0,0
7170,0,0,0,0,0,0,0,0,0,0,0
7171,0,0,0,0,0,0,0,0,0,0,0
7172,0,0,0,0,0,0,0,0,0,0,0
7173,0,0,0,0,0,0,0,1,0,0,1
7174,0,0,0,0,0,0,0,0,0,0,0
7175,0,0,0,0,0,0,0,0,0,0,0
7176,0,0,0,0,0,0,0,0,0,0,0
7177,0,0,0,0,0,0,0,0,0,0,0
7178,0,0,0,0,0,0,0,0,0,0,0
7179,0,0,0,0,0,0,0,0,0,0,0
7180,0,0,0,0,0,0,0,0,0,0,0
7182,0,0,0,0,0,0,0,0,0,0,0
7184,0,0,0,0,0,0,0,0,0,0,0
7185,0,0,0,0,0,0,0,0,0,0,0
7186,0,0,0,0,0,0,0,0,0,0,0
7187,0,0,0,0,0,0,0,0,0,0,0
7190,0,0,0,0,0,0,0,0,0,0,0
7205,0,0,0,0,0,0,0,0,0,0,0
7209,0,0,0,0,0,0,0,0,0,0,0
7210,0,0,0,0,0,0,0,0,0,0,0
7211,0,0,0,0,0,0,0,0,0,0,0
7212,0,0,0,0,0,0,0,0,0,0,0
7213,0,0,0,0,0,0,0,0,0,0,0
7214,0,0,0,0,0,0,0,0,0,0,0
7215,0,0,0,0,0,0,0,0,2,1,3
7216,0,0,0,0,0,0,0,0,0,0,0
7248,0,0,0,0,0,0,0,0,0,0,0
7249,0,0,0,0,0,0,0,0,0,0,0
7250,0,0,0,0,0,0,1,0,1,0,2
7252,0,0,0,0,0,0,0,0,0,0,0
7253,0,0,0,0,0,0,0,0,0,0,0
7254,0,0,0,0,0,0,0,0,0,0,0
7255,0,0,1,0,0,1,0,0,0,0,2
7256,0,0,0,1,0,0,1,0,1,0,3
7257,0,0,0,0,0,0,0,0,0,0,0
7258,0,0,0,0,0,0,0,0,0,0,0
7259,0,0,0,0,0,0,0,0,0,0,0
7260,0,0,0,0,0,0,0,0,0,0,0
7261,0,0,0,0,0,0,0,0,0,0,0
7262,0,0,0,0,0,0,0,0,0,0,0
7263,0,0,0,0,0,0,0,0,0,0,0
7264,0,0,0,0,0,0,0,0,0,0,0
7265,0,0,0,0,0,0,0,0,0,0,0
7267,0,0,0,0,0,0,0,0,1,0,1
7268,0,0,0,0,0,0,0,0,0,0,0
7270,0,0,0,0,0,0,0,1,0,0,1
7272,0,0,0,0,0,0,0,0,0,0,0
7275,0,0,0,0,0,0,0,0,0,1,1
7276,0,0,0,0,0,0,0,0,0,0,0
7277,0,0,0,0,0,0,0,0,0,0,0
7290,0,0,0,0,0,0,0,0,0,0,0
7291,0,0,0,0,0,0,0,0,0,0,0
7292,0,0,0,0,0,0,0,0,0,0,0
7300,0,0,0,0,0,0,0,0,0,0,0
7301,0,0,0,0,0,0,0,0,0,0,0
7302,0,0,0,0,0,0,0,0,0,0,0
7303,0,0,0,0,0,0,0,0,0,0,0
7304,0,0,0,0,0,0,0,0,0,0,0
7305,0,0,0,0,0,0,0,0,0,0,0
7306,0,0,0,0,0,0,0,0,0,0,0
7307,0,0,0,0,0,0,0,0,0,0,0
7310,0,0,1,0,0,0,0,0,0,1,2
7315,0,0,0,0,0,1,0,0,0,0,1
7316,0,0,0,0,0,0,0,0,0,0,0
7320,0,0,0,0,0,0,0,0,0,0,0
7321,0,0,0,0,0,0,0,0,0,0,0
7322,0,0,0,0,0,0,0,0,0,0,0
7325,0,0,0,0,0,0,0,0,0,0,0
7330,0,0,0,0,0,0,0,0,0,0,0
7331,0,0,0,0,0,0,0,0,0,0,0
7350,0,0,0,0,0,0,0,0,0,0,0
7370,0,0,0,0,0,0,0,0,0,0,0
7467,0,0,0,0,0,0,0,0,0,0,0
7469,0,0,0,0,0,0,0,0,0,0,0
7470,0,0,0,0,0,0,0,0,0,0,0
7804,0,0,0,0,0,0,0,0,0,0,0
7919,0,0,0,0,0,0,0,0,0,0,0
7920,0,0,0,0,0,0,0,0,0,0,0
8002,0,0,0,0,0,0,0,0,0,0,0
8084,0,0,0,0,0,0,0,0,0,0,0
9000,0,0,0,0,0,0,0,0,0,0,0
9072,0,0,0,0,0,0,0,0,0,0,0
9156,0,0,0,0,0,0,0,0,0,0,0
9726,0,0,0,0,0,0,0,0,0,0,0
